id,page_id,page_name,ad_snapshot_url,ad_creative_bodies,ad_creative_link_captions,ad_creative_link_titles,bylines,languages,ad_delivery_start_time,ad_delivery_stop_time,demographic_distribution,delivery_by_region,ad_creative_link_descriptions
849168085855568,433445370046333,Unidos US Action Fund,https://www.facebook.com/ads/archive/render_ad/?id=849168085855568&access_token=EAARbSfSa27ABOZCZCAvwed3aJq1f5kHBbmzJDPZCG669Yy0QhRIXOfY1byVTWZAItjMC5xhNX68us994kIuK7qyHGgOd8eOF8q1mCe65VzObE7fY0XD5JiJxcAfoXcAzb4TCvuQNPZA5V8P1gaPanlKdFcW9yXJU4n0ro6DbykOlOfrPMG84nBSdSgCBky7ZCr4KK5UzBa,"['Watch the LIVESTREAM Here with Valle Del Sol, Arizona Alliance for Retired Americans and Lower Drug Price Now. Weâ€™re discussing the impact of high prescription drug prices on our Latino community.']",['www.unidosusaf.org'],['AZ Latinx For Lower Drug Prices Now'],UnidosUS Action Fund,['en'],2020-10-21,2020-10-25,"[{'percentage': '0.000414', 'age': '45-54', 'gender': 'unknown'}, {'percentage': '0.102891', 'age': '35-44', 'gender': 'male'}, {'percentage': '0.028085', 'age': '18-24', 'gender': 'female'}, {'percentage': '0.052857', 'age': '25-34', 'gender': 'female'}, {'percentage': '0.092877', 'age': '65+', 'gender': 'female'}, {'percentage': '0.11588', 'age': '55-64', 'gender': 'female'}, {'percentage': '0.069159', 'age': '35-44', 'gender': 'female'}, {'percentage': '0.108011', 'age': '25-34', 'gender': 'male'}, {'percentage': '0.10436', 'age': '45-54', 'gender': 'male'}, {'percentage': '0.000414', 'age': '65+', 'gender': 'unknown'}, {'percentage': '0.113282', 'age': '45-54', 'gender': 'female'}, {'percentage': '0.095324', 'age': '55-64', 'gender': 'male'}, {'percentage': '0.057789', 'age': '18-24', 'gender': 'male'}, {'percentage': '0.056509', 'age': '65+', 'gender': 'male'}, {'percentage': '0.000678', 'age': '55-64', 'gender': 'unknown'}, {'percentage': '0.000565', 'age': '25-34', 'gender': 'unknown'}, {'percentage': '0.000678', 'age': '35-44', 'gender': 'unknown'}, {'percentage': '0.000226', 'age': '18-24', 'gender': 'unknown'}]","[{'percentage': '1', 'region': 'Arizona'}]",
379410166746965,433445370046333,Unidos US Action Fund,https://www.facebook.com/ads/archive/render_ad/?id=379410166746965&access_token=EAARbSfSa27ABOZCZCAvwed3aJq1f5kHBbmzJDPZCG669Yy0QhRIXOfY1byVTWZAItjMC5xhNX68us994kIuK7qyHGgOd8eOF8q1mCe65VzObE7fY0XD5JiJxcAfoXcAzb4TCvuQNPZA5V8P1gaPanlKdFcW9yXJU4n0ro6DbykOlOfrPMG84nBSdSgCBky7ZCr4KK5UzBa,"[""This content was removed because it didn't follow our Advertising Standards.""]","[""This content was removed because it didn't follow our Advertising Standards.""]","[""This content was removed because it didn't follow our Advertising Standards.""]",UnidosUS Action Fund,['en'],2020-10-20,2020-10-21,"[{'percentage': '0.000481', 'age': '18-24', 'gender': 'unknown'}, {'percentage': '0.160053', 'age': '25-34', 'gender': 'male'}, {'percentage': '0.073857', 'age': '35-44', 'gender': 'female'}, {'percentage': '0.049048', 'age': '55-64', 'gender': 'female'}, {'percentage': '0.172566', 'age': '25-34', 'gender': 'female'}, {'percentage': '0.069613', 'age': '35-44', 'gender': 'male'}, {'percentage': '0.127718', 'age': '18-24', 'gender': 'female'}, {'percentage': '0.106716', 'age': '18-24', 'gender': 'male'}, {'percentage': '0.033384', 'age': '65+', 'gender': 'male'}, {'percentage': '0.000569', 'age': '35-44', 'gender': 'unknown'}, {'percentage': '0.041785', 'age': '55-64', 'gender': 'male'}, {'percentage': '0.054255', 'age': '45-54', 'gender': 'male'}, {'percentage': '0.063356', 'age': '45-54', 'gender': 'female'}, {'percentage': '0.001006', 'age': '25-34', 'gender': 'unknown'}, {'percentage': '0.000306', 'age': '65+', 'gender': 'unknown'}, {'percentage': '0.000306', 'age': '45-54', 'gender': 'unknown'}, {'percentage': '0.000438', 'age': '55-64', 'gender': 'unknown'}, {'percentage': '0.044542', 'age': '65+', 'gender': 'female'}]","[{'percentage': '1', 'region': 'Arizona'}]","[""This content was removed because it didn't follow our Advertising Standards.""]"
476930419930685,1476623265909250,Chispa AZ,https://www.facebook.com/ads/archive/render_ad/?id=476930419930685&access_token=EAARbSfSa27ABOZCZCAvwed3aJq1f5kHBbmzJDPZCG669Yy0QhRIXOfY1byVTWZAItjMC5xhNX68us994kIuK7qyHGgOd8eOF8q1mCe65VzObE7fY0XD5JiJxcAfoXcAzb4TCvuQNPZA5V8P1gaPanlKdFcW9yXJU4n0ro6DbykOlOfrPMG84nBSdSgCBky7ZCr4KK5UzBa,"[""The stakes are high this election. That's why CHiSPA AZ PAC is supporting Coral Evans! MAIL YOUR EARLY BALLOT before October 27th OR VOTE in person on November 3rd!""]",['www.coralevansaz.com'],,Chispa AZ,['en'],2020-10-08,2020-11-03,"[{'percentage': '0.000349', 'age': '18-24', 'gender': 'unknown'}, {'percentage': '0.122121', 'age': '65+', 'gender': 'female'}, {'percentage': '0.001745', 'age': '45-54', 'gender': 'unknown'}, {'percentage': '0.001745', 'age': '35-44', 'gender': 'unknown'}, {'percentage': '0.102582', 'age': '45-54', 'gender': 'female'}, {'percentage': '0.079553', 'age': '45-54', 'gender': 'male'}, {'percentage': '0.060014', 'age': '55-64', 'gender': 'male'}, {'percentage': '0.116888', 'age': '55-64', 'gender': 'female'}, {'percentage': '0.002094', 'age': '55-64', 'gender': 'unknown'}, {'percentage': '0.037334', 'age': '18-24', 'gender': 'male'}, {'percentage': '0.11619', 'age': '35-44', 'gender': 'female'}, {'percentage': '0.077809', 'age': '25-34', 'gender': 'female'}, {'percentage': '0.078856', 'age': '25-34', 'gender': 'male'}, {'percentage': '0.094557', 'age': '35-44', 'gender': 'male'}, {'percentage': '0.062456', 'age': '65+', 'gender': 'male'}, {'percentage': '0.043266', 'age': '18-24', 'gender': 'female'}, {'percentage': '0.001745', 'age': '65+', 'gender': 'unknown'}, {'percentage': '0.000698', 'age': '25-34', 'gender': 'unknown'}]","[{'percentage': '1', 'region': 'Arizona'}]",
1646907175492323,1476623265909250,Chispa AZ,https://www.facebook.com/ads/archive/render_ad/?id=1646907175492323&access_token=EAARbSfSa27ABOZCZCAvwed3aJq1f5kHBbmzJDPZCG669Yy0QhRIXOfY1byVTWZAItjMC5xhNX68us994kIuK7qyHGgOd8eOF8q1mCe65VzObE7fY0XD5JiJxcAfoXcAzb4TCvuQNPZA5V8P1gaPanlKdFcW9yXJU4n0ro6DbykOlOfrPMG84nBSdSgCBky7ZCr4KK5UzBa,"[""The stakes are high this election. That's why CHiSPA AZ PAC is supporting Coral Evans! MAIL YOUR EARLY BALLOT before October 27th OR VOTE in person on November 3rd!""]",['www.coralevansaz.com'],,Chispa AZ,['en'],2020-10-08,2020-11-03,"[{'percentage': '0.000358', 'age': '18-24', 'gender': 'unknown'}, {'percentage': '0.173166', 'age': '55-64', 'gender': 'female'}, {'percentage': '0.002504', 'age': '45-54', 'gender': 'unknown'}, {'percentage': '0.105546', 'age': '65+', 'gender': 'male'}, {'percentage': '0.054025', 'age': '35-44', 'gender': 'male'}, {'percentage': '0.052952', 'age': '25-34', 'gender': 'male'}, {'percentage': '0.048658', 'age': '25-34', 'gender': 'female'}, {'percentage': '0.164222', 'age': '65+', 'gender': 'female'}, {'percentage': '0.071914', 'age': '45-54', 'gender': 'male'}, {'percentage': '0.000716', 'age': '35-44', 'gender': 'unknown'}, {'percentage': '0.065474', 'age': '35-44', 'gender': 'female'}, {'percentage': '0.002504', 'age': '55-64', 'gender': 'unknown'}, {'percentage': '0.0322', 'age': '18-24', 'gender': 'male'}, {'percentage': '0.033989', 'age': '18-24', 'gender': 'female'}, {'percentage': '0.097674', 'age': '45-54', 'gender': 'female'}, {'percentage': '0.092665', 'age': '55-64', 'gender': 'male'}, {'percentage': '0.001073', 'age': '65+', 'gender': 'unknown'}, {'percentage': '0.000358', 'age': '25-34', 'gender': 'unknown'}]","[{'percentage': '1', 'region': 'Arizona'}]",
652357242319128,1476623265909250,Chispa AZ,https://www.facebook.com/ads/archive/render_ad/?id=652357242319128&access_token=EAARbSfSa27ABOZCZCAvwed3aJq1f5kHBbmzJDPZCG669Yy0QhRIXOfY1byVTWZAItjMC5xhNX68us994kIuK7qyHGgOd8eOF8q1mCe65VzObE7fY0XD5JiJxcAfoXcAzb4TCvuQNPZA5V8P1gaPanlKdFcW9yXJU4n0ro6DbykOlOfrPMG84nBSdSgCBky7ZCr4KK5UzBa,"[""The stakes are high this election. That's why CHiSPA AZ PAC is supporting Coral Evans! MAIL YOUR EARLY BALLOT before October 27th OR VOTE in person on November 3rd!""]",['www.coralevansaz.com'],,Chispa AZ,['en'],2020-10-08,2020-11-03,"[{'percentage': '0.001624', 'age': '25-34', 'gender': 'unknown'}, {'percentage': '0.109507', 'age': '55-64', 'gender': 'female'}, {'percentage': '0.001263', 'age': '65+', 'gender': 'unknown'}, {'percentage': '0.056648', 'age': '18-24', 'gender': 'female'}, {'percentage': '0.116363', 'age': '25-34', 'gender': 'female'}, {'percentage': '0.056828', 'age': '65+', 'gender': 'male'}, {'percentage': '0.104456', 'age': '65+', 'gender': 'female'}, {'percentage': '0.055024', 'age': '55-64', 'gender': 'male'}, {'percentage': '0.107523', 'age': '25-34', 'gender': 'male'}, {'percentage': '0.001443', 'age': '18-24', 'gender': 'unknown'}, {'percentage': '0.080823', 'age': '35-44', 'gender': 'male'}, {'percentage': '0.068194', 'age': '45-54', 'gender': 'male'}, {'percentage': '0.102472', 'age': '35-44', 'gender': 'female'}, {'percentage': '0.042757', 'age': '18-24', 'gender': 'male'}, {'percentage': '0.001263', 'age': '45-54', 'gender': 'unknown'}, {'percentage': '0.091286', 'age': '45-54', 'gender': 'female'}, {'percentage': '0.001804', 'age': '35-44', 'gender': 'unknown'}, {'percentage': '0.000722', 'age': '55-64', 'gender': 'unknown'}]","[{'percentage': '1', 'region': 'Arizona'}]",
356570742363349,206291632794768,Coral For Arizona,https://www.facebook.com/ads/archive/render_ad/?id=356570742363349&access_token=EAARbSfSa27ABOZCZCAvwed3aJq1f5kHBbmzJDPZCG669Yy0QhRIXOfY1byVTWZAItjMC5xhNX68us994kIuK7qyHGgOd8eOF8q1mCe65VzObE7fY0XD5JiJxcAfoXcAzb4TCvuQNPZA5V8P1gaPanlKdFcW9yXJU4n0ro6DbykOlOfrPMG84nBSdSgCBky7ZCr4KK5UzBa,"['Growing up, my grandfather would take me fishing in Lake Mary. Those trips remain some of my most treasured memories. Our waterways in Northern Arizona are both places for recreation and a vital part of our economy.\n\nAs Representative, Iâ€™ll work to keep our waterways healthy, preserve the natural beauty of our region, and protect Northern Arizona for future generations.']",['www.coralevansaz.com'],['Vote Coral Evans for AZ House District 6'],Coral 4 AZ. Authorized by Coral Evans,['en'],2020-10-08,2020-10-10,"[{'percentage': '0.191617', 'age': '35-44', 'gender': 'female'}, {'percentage': '0.269461', 'age': '45-54', 'gender': 'female'}, {'percentage': '0.305389', 'age': '25-34', 'gender': 'female'}, {'percentage': '0.125749', 'age': '55-64', 'gender': 'female'}, {'percentage': '0.107784', 'age': '65+', 'gender': 'female'}]","[{'percentage': '1', 'region': 'Arizona'}]",['Fighting to conserve our public lands']
616072359087605,206291632794768,Coral For Arizona,https://www.facebook.com/ads/archive/render_ad/?id=616072359087605&access_token=EAARbSfSa27ABOZCZCAvwed3aJq1f5kHBbmzJDPZCG669Yy0QhRIXOfY1byVTWZAItjMC5xhNX68us994kIuK7qyHGgOd8eOF8q1mCe65VzObE7fY0XD5JiJxcAfoXcAzb4TCvuQNPZA5V8P1gaPanlKdFcW9yXJU4n0ro6DbykOlOfrPMG84nBSdSgCBky7ZCr4KK5UzBa,"['Growing up, my grandfather would take me fishing in Lake Mary. Those trips remain some of my most treasured memories. Our waterways in Northern Arizona are both places for recreation and a vital part of our economy.\n\nAs Representative, Iâ€™ll work to keep our waterways healthy, preserve the natural beauty of our region, and protect Northern Arizona for future generations.']",['www.coralevansaz.com'],['Vote Coral Evans for AZ House District 6'],Coral 4 AZ. Authorized by Coral Evans,['en'],2020-10-08,2020-10-10,"[{'percentage': '0.115842', 'age': '65+', 'gender': 'female'}, {'percentage': '0.235644', 'age': '35-44', 'gender': 'female'}, {'percentage': '0.157426', 'age': '55-64', 'gender': 'female'}, {'percentage': '0.311881', 'age': '25-34', 'gender': 'female'}, {'percentage': '0.179208', 'age': '45-54', 'gender': 'female'}]","[{'percentage': '1', 'region': 'Arizona'}]",['Fighting to conserve our public lands']
2858433771105515,206291632794768,Coral For Arizona,https://www.facebook.com/ads/archive/render_ad/?id=2858433771105515&access_token=EAARbSfSa27ABOZCZCAvwed3aJq1f5kHBbmzJDPZCG669Yy0QhRIXOfY1byVTWZAItjMC5xhNX68us994kIuK7qyHGgOd8eOF8q1mCe65VzObE7fY0XD5JiJxcAfoXcAzb4TCvuQNPZA5V8P1gaPanlKdFcW9yXJU4n0ro6DbykOlOfrPMG84nBSdSgCBky7ZCr4KK5UzBa,"['Growing up, my grandfather would take me fishing in Lake Mary. Those trips remain some of my most treasured memories. Our waterways in Northern Arizona are both places for recreation and a vital part of our economy.\n\nAs Representative, Iâ€™ll work to keep our waterways healthy, preserve the natural beauty of our region, and protect Northern Arizona for future generations.']",['www.coralevansaz.com'],['Vote Coral Evans for AZ House District 6'],Coral 4 AZ. Authorized by Coral Evans,['en'],2020-10-08,2020-10-10,"[{'percentage': '0.036723', 'age': '45-54', 'gender': 'male'}, {'percentage': '0.036723', 'age': '55-64', 'gender': 'male'}, {'percentage': '0.050847', 'age': '55-64', 'gender': 'female'}, {'percentage': '0.124294', 'age': '18-24', 'gender': 'female'}, {'percentage': '0.087571', 'age': '35-44', 'gender': 'female'}, {'percentage': '0.096045', 'age': '18-24', 'gender': 'male'}, {'percentage': '0.169492', 'age': '25-34', 'gender': 'male'}, {'percentage': '0.019774', 'age': '65+', 'gender': 'male'}, {'percentage': '0.10452', 'age': '65+', 'gender': 'female'}, {'percentage': '0.152542', 'age': '25-34', 'gender': 'female'}, {'percentage': '0.050847', 'age': '45-54', 'gender': 'female'}, {'percentage': '0.070621', 'age': '35-44', 'gender': 'male'}]","[{'percentage': '1', 'region': 'Arizona'}]",['Fighting to conserve our public lands']
617573045606570,206291632794768,Coral For Arizona,https://www.facebook.com/ads/archive/render_ad/?id=617573045606570&access_token=EAARbSfSa27ABOZCZCAvwed3aJq1f5kHBbmzJDPZCG669Yy0QhRIXOfY1byVTWZAItjMC5xhNX68us994kIuK7qyHGgOd8eOF8q1mCe65VzObE7fY0XD5JiJxcAfoXcAzb4TCvuQNPZA5V8P1gaPanlKdFcW9yXJU4n0ro6DbykOlOfrPMG84nBSdSgCBky7ZCr4KK5UzBa,"['Growing up, my grandfather would take me fishing in Lake Mary. Those trips remain some of my most treasured memories. Our waterways in Northern Arizona are both places for recreation and a vital part of our economy.\n\nAs Representative, Iâ€™ll work to keep our waterways healthy, preserve the natural beauty of our region, and protect Northern Arizona for future generations.']",['www.coralevansaz.com'],['Vote Coral Evans for AZ House District 6'],Coral 4 AZ. Authorized by Coral Evans,['en'],2020-10-08,2020-10-10,"[{'percentage': '0.025316', 'age': '65+', 'gender': 'male'}, {'percentage': '0.06962', 'age': '25-34', 'gender': 'male'}, {'percentage': '0.170886', 'age': '25-34', 'gender': 'female'}, {'percentage': '0.085443', 'age': '35-44', 'gender': 'male'}, {'percentage': '0.142405', 'age': '45-54', 'gender': 'female'}, {'percentage': '0.186709', 'age': '35-44', 'gender': 'female'}, {'percentage': '0.139241', 'age': '55-64', 'gender': 'female'}, {'percentage': '0.079114', 'age': '65+', 'gender': 'female'}, {'percentage': '0.063291', 'age': '45-54', 'gender': 'male'}, {'percentage': '0.03481', 'age': '55-64', 'gender': 'male'}, {'percentage': '0.003165', 'age': '45-54', 'gender': 'unknown'}]","[{'percentage': '1', 'region': 'Arizona'}]",['Fighting to conserve our public lands']
3491028727625217,206291632794768,Coral For Arizona,https://www.facebook.com/ads/archive/render_ad/?id=3491028727625217&access_token=EAARbSfSa27ABOZCZCAvwed3aJq1f5kHBbmzJDPZCG669Yy0QhRIXOfY1byVTWZAItjMC5xhNX68us994kIuK7qyHGgOd8eOF8q1mCe65VzObE7fY0XD5JiJxcAfoXcAzb4TCvuQNPZA5V8P1gaPanlKdFcW9yXJU4n0ro6DbykOlOfrPMG84nBSdSgCBky7ZCr4KK5UzBa,"['Growing up, my grandfather would take me fishing in Lake Mary. Those trips remain some of my most treasured memories. Our waterways in Northern Arizona are both places for recreation and a vital part of our economy.\n\nAs Representative, Iâ€™ll work to keep our waterways healthy, preserve the natural beauty of our region, and protect Northern Arizona for future generations.']",['www.coralevansaz.com'],['Vote Coral Evans for AZ House District 6'],Coral 4 AZ. Authorized by Coral Evans,['en'],2020-10-08,2020-10-10,"[{'percentage': '0.001148', 'age': '25-34', 'gender': 'unknown'}, {'percentage': '0.13318', 'age': '25-34', 'gender': 'female'}, {'percentage': '0.126866', 'age': '45-54', 'gender': 'female'}, {'percentage': '0.083812', 'age': '65+', 'gender': 'female'}, {'percentage': '0.110792', 'age': '35-44', 'gender': 'male'}, {'percentage': '0.126292', 'age': '55-64', 'gender': 'female'}, {'percentage': '0.043628', 'age': '55-64', 'gender': 'male'}, {'percentage': '0.070608', 'age': '25-34', 'gender': 'male'}, {'percentage': '0.188863', 'age': '35-44', 'gender': 'female'}, {'percentage': '0.06946', 'age': '45-54', 'gender': 'male'}, {'percentage': '0.040758', 'age': '65+', 'gender': 'male'}, {'percentage': '0.001722', 'age': '55-64', 'gender': 'unknown'}, {'percentage': '0.00287', 'age': '35-44', 'gender': 'unknown'}]","[{'percentage': '1', 'region': 'Arizona'}]",['Fighting to conserve our public lands']
690451128556488,206291632794768,Coral For Arizona,https://www.facebook.com/ads/archive/render_ad/?id=690451128556488&access_token=EAARbSfSa27ABOZCZCAvwed3aJq1f5kHBbmzJDPZCG669Yy0QhRIXOfY1byVTWZAItjMC5xhNX68us994kIuK7qyHGgOd8eOF8q1mCe65VzObE7fY0XD5JiJxcAfoXcAzb4TCvuQNPZA5V8P1gaPanlKdFcW9yXJU4n0ro6DbykOlOfrPMG84nBSdSgCBky7ZCr4KK5UzBa,"['Growing up, my grandfather would take me fishing in Lake Mary. Those trips remain some of my most treasured memories. Our waterways in Northern Arizona are both places for recreation and a vital part of our economy.\n\nAs Representative, Iâ€™ll work to keep our waterways healthy, preserve the natural beauty of our region, and protect Northern Arizona for future generations.']",['www.coralevansaz.com'],['Vote Coral Evans for AZ House District 6'],Coral 4 AZ. Authorized by Coral Evans,['en'],2020-10-07,2020-10-10,"[{'percentage': '0.00158', 'age': '25-34', 'gender': 'unknown'}, {'percentage': '0.07109', 'age': '45-54', 'gender': 'male'}, {'percentage': '0.042654', 'age': '18-24', 'gender': 'male'}, {'percentage': '0.088468', 'age': '45-54', 'gender': 'female'}, {'percentage': '0.075829', 'age': '55-64', 'gender': 'male'}, {'percentage': '0.077409', 'age': '65+', 'gender': 'male'}, {'percentage': '0.091627', 'age': '65+', 'gender': 'female'}, {'percentage': '0.107425', 'age': '35-44', 'gender': 'female'}, {'percentage': '0.033175', 'age': '18-24', 'gender': 'female'}, {'percentage': '0.094787', 'age': '25-34', 'gender': 'male'}, {'percentage': '0.090047', 'age': '35-44', 'gender': 'male'}, {'percentage': '0.093207', 'age': '25-34', 'gender': 'female'}, {'percentage': '0.124803', 'age': '55-64', 'gender': 'female'}, {'percentage': '0.004739', 'age': '45-54', 'gender': 'unknown'}, {'percentage': '0.00316', 'age': '55-64', 'gender': 'unknown'}]","[{'percentage': '1', 'region': 'Arizona'}]",['Fighting to conserve our public lands']
2209498875860975,206291632794768,Coral For Arizona,https://www.facebook.com/ads/archive/render_ad/?id=2209498875860975&access_token=EAARbSfSa27ABOZCZCAvwed3aJq1f5kHBbmzJDPZCG669Yy0QhRIXOfY1byVTWZAItjMC5xhNX68us994kIuK7qyHGgOd8eOF8q1mCe65VzObE7fY0XD5JiJxcAfoXcAzb4TCvuQNPZA5V8P1gaPanlKdFcW9yXJU4n0ro6DbykOlOfrPMG84nBSdSgCBky7ZCr4KK5UzBa,"['Growing up, my grandfather would take me fishing in Lake Mary. Those trips remain some of my most treasured memories. Our waterways in Northern Arizona are both places for recreation and a vital part of our economy.\n\nAs Representative, Iâ€™ll work to keep our waterways healthy, preserve the natural beauty of our region, and protect Northern Arizona for future generations.']",['www.coralevansaz.com'],['Vote Coral Evans for AZ House District 6'],Coral 4 AZ. Authorized by Coral Evans,['en'],2020-10-07,2020-10-10,"[{'percentage': '0.001772', 'age': '45-54', 'gender': 'unknown'}, {'percentage': '0.116581', 'age': '35-44', 'gender': 'female'}, {'percentage': '0.092753', 'age': '55-64', 'gender': 'female'}, {'percentage': '0.07306', 'age': '18-24', 'gender': 'female'}, {'percentage': '0.10516', 'age': '25-34', 'gender': 'male'}, {'percentage': '0.064199', 'age': '45-54', 'gender': 'male'}, {'percentage': '0.083301', 'age': '35-44', 'gender': 'male'}, {'percentage': '0.083891', 'age': '45-54', 'gender': 'female'}, {'percentage': '0.115991', 'age': '25-34', 'gender': 'female'}, {'percentage': '0.001378', 'age': '55-64', 'gender': 'unknown'}, {'percentage': '0.051595', 'age': '18-24', 'gender': 'male'}, {'percentage': '0.060654', 'age': '65+', 'gender': 'male'}, {'percentage': '0.001182', 'age': '18-24', 'gender': 'unknown'}, {'percentage': '0.056321', 'age': '55-64', 'gender': 'male'}, {'percentage': '0.087436', 'age': '65+', 'gender': 'female'}, {'percentage': '0.000985', 'age': '25-34', 'gender': 'unknown'}, {'percentage': '0.000985', 'age': '65+', 'gender': 'unknown'}, {'percentage': '0.002757', 'age': '35-44', 'gender': 'unknown'}]","[{'percentage': '1', 'region': 'Arizona'}]",['Fighting to conserve our public lands']
1262570264107841,206291632794768,Coral For Arizona,https://www.facebook.com/ads/archive/render_ad/?id=1262570264107841&access_token=EAARbSfSa27ABOZCZCAvwed3aJq1f5kHBbmzJDPZCG669Yy0QhRIXOfY1byVTWZAItjMC5xhNX68us994kIuK7qyHGgOd8eOF8q1mCe65VzObE7fY0XD5JiJxcAfoXcAzb4TCvuQNPZA5V8P1gaPanlKdFcW9yXJU4n0ro6DbykOlOfrPMG84nBSdSgCBky7ZCr4KK5UzBa,"['Growing up, my grandfather would take me fishing in Lake Mary. Those trips remain some of my most treasured memories. Our waterways in Northern Arizona are both places for recreation and a vital part of our economy.\n\nAs Representative, Iâ€™ll work to keep our waterways healthy, preserve the natural beauty of our region, and protect Northern Arizona for future generations.']",['www.coralevansaz.com'],['Vote Coral Evans for AZ House District 6'],Coral 4 AZ. Authorized by Coral Evans,['en'],2020-10-03,2020-10-07,"[{'percentage': '0.035088', 'age': '45-54', 'gender': 'male'}, {'percentage': '0.078947', 'age': '18-24', 'gender': 'female'}, {'percentage': '0.048246', 'age': '65+', 'gender': 'male'}, {'percentage': '0.105263', 'age': '18-24', 'gender': 'male'}, {'percentage': '0.050439', 'age': '35-44', 'gender': 'male'}, {'percentage': '0.116228', 'age': '25-34', 'gender': 'male'}, {'percentage': '0.098684', 'age': '55-64', 'gender': 'female'}, {'percentage': '0.129386', 'age': '35-44', 'gender': 'female'}, {'percentage': '0.157895', 'age': '25-34', 'gender': 'female'}, {'percentage': '0.061404', 'age': '45-54', 'gender': 'female'}, {'percentage': '0.085526', 'age': '65+', 'gender': 'female'}, {'percentage': '0.032895', 'age': '55-64', 'gender': 'male'}]","[{'percentage': '1', 'region': 'Arizona'}]",['Fighting to conserve our public lands']
361515964889515,103018851520995,John Freyek for Crown Point School Board,https://www.facebook.com/ads/archive/render_ad/?id=361515964889515&access_token=EAARbSfSa27ABOZCZCAvwed3aJq1f5kHBbmzJDPZCG669Yy0QhRIXOfY1byVTWZAItjMC5xhNX68us994kIuK7qyHGgOd8eOF8q1mCe65VzObE7fY0XD5JiJxcAfoXcAzb4TCvuQNPZA5V8P1gaPanlKdFcW9yXJU4n0ro6DbykOlOfrPMG84nBSdSgCBky7ZCr4KK5UzBa,,['www.freyekforschoolboard.com'],,John J Freyek,['en'],2020-10-03,2020-10-08,"[{'percentage': '0.000816', 'age': '55-64', 'gender': 'unknown'}, {'percentage': '0.001224', 'age': '45-54', 'gender': 'unknown'}, {'percentage': '0.001633', 'age': '65+', 'gender': 'unknown'}, {'percentage': '0.002449', 'age': '18-24', 'gender': 'male'}, {'percentage': '0.113061', 'age': '35-44', 'gender': 'male'}, {'percentage': '0.133469', 'age': '35-44', 'gender': 'female'}, {'percentage': '0.142857', 'age': '55-64', 'gender': 'female'}, {'percentage': '0.162041', 'age': '65+', 'gender': 'female'}, {'percentage': '0.125306', 'age': '45-54', 'gender': 'female'}, {'percentage': '0.077143', 'age': '55-64', 'gender': 'male'}, {'percentage': '0.110204', 'age': '45-54', 'gender': 'male'}, {'percentage': '0.03102', 'age': '25-34', 'gender': 'female'}, {'percentage': '0.067347', 'age': '65+', 'gender': 'male'}, {'percentage': '0.026531', 'age': '25-34', 'gender': 'male'}, {'percentage': '0.002449', 'age': '35-44', 'gender': 'unknown'}, {'percentage': '0.002449', 'age': '18-24', 'gender': 'female'}]","[{'percentage': '1', 'region': 'Indiana'}]",
357167365475615,206291632794768,Coral For Arizona,https://www.facebook.com/ads/archive/render_ad/?id=357167365475615&access_token=EAARbSfSa27ABOZCZCAvwed3aJq1f5kHBbmzJDPZCG669Yy0QhRIXOfY1byVTWZAItjMC5xhNX68us994kIuK7qyHGgOd8eOF8q1mCe65VzObE7fY0XD5JiJxcAfoXcAzb4TCvuQNPZA5V8P1gaPanlKdFcW9yXJU4n0ro6DbykOlOfrPMG84nBSdSgCBky7ZCr4KK5UzBa,"['Growing up, my grandfather would take me fishing in Lake Mary. Those trips remain some of my most treasured memories. Our waterways in Northern Arizona are both places for recreation and a vital part of our economy.\n\nAs Representative, Iâ€™ll work to keep our waterways healthy, preserve the natural beauty of our region, and protect Northern Arizona for future generations.']",['www.coralevansaz.com'],['Vote Coral Evans for AZ House District 6'],Coral 4 AZ. Authorized by Coral Evans,['en'],2020-09-23,2020-10-06,"[{'percentage': '0.000304', 'age': '65+', 'gender': 'unknown'}, {'percentage': '0.001519', 'age': '55-64', 'gender': 'unknown'}, {'percentage': '0.066525', 'age': '45-54', 'gender': 'male'}, {'percentage': '0.10966', 'age': '35-44', 'gender': 'male'}, {'percentage': '0.092649', 'age': '65+', 'gender': 'female'}, {'percentage': '0.128493', 'age': '45-54', 'gender': 'female'}, {'percentage': '0.07017', 'age': '25-34', 'gender': 'male'}, {'percentage': '0.191373', 'age': '35-44', 'gender': 'female'}, {'percentage': '0.11938', 'age': '25-34', 'gender': 'female'}, {'percentage': '0.122114', 'age': '55-64', 'gender': 'female'}, {'percentage': '0.045565', 'age': '65+', 'gender': 'male'}, {'percentage': '0.002126', 'age': '35-44', 'gender': 'unknown'}, {'percentage': '0.001215', 'age': '25-34', 'gender': 'unknown'}, {'percentage': '0.047995', 'age': '55-64', 'gender': 'male'}, {'percentage': '0.000911', 'age': '45-54', 'gender': 'unknown'}]","[{'percentage': '1', 'region': 'Arizona'}]",['Fighting to conserve our public lands']
642562630019851,206291632794768,Coral For Arizona,https://www.facebook.com/ads/archive/render_ad/?id=642562630019851&access_token=EAARbSfSa27ABOZCZCAvwed3aJq1f5kHBbmzJDPZCG669Yy0QhRIXOfY1byVTWZAItjMC5xhNX68us994kIuK7qyHGgOd8eOF8q1mCe65VzObE7fY0XD5JiJxcAfoXcAzb4TCvuQNPZA5V8P1gaPanlKdFcW9yXJU4n0ro6DbykOlOfrPMG84nBSdSgCBky7ZCr4KK5UzBa,"['Growing up, my grandfather would take me fishing in Lake Mary. Those trips remain some of my most treasured memories. Our waterways in Northern Arizona are both places for recreation and a vital part of our economy.\n\nAs Representative, Iâ€™ll work to keep our waterways healthy, preserve the natural beauty of our region, and protect Northern Arizona for future generations.']",['www.coralevansaz.com'],['Vote Coral Evans for AZ House District 6'],Coral 4 AZ. Authorized by Coral Evans,['en'],2020-09-23,2020-10-06,"[{'percentage': '0.000779', 'age': '65+', 'gender': 'unknown'}, {'percentage': '0.038971', 'age': '55-64', 'gender': 'male'}, {'percentage': '0.039751', 'age': '65+', 'gender': 'male'}, {'percentage': '0.06703', 'age': '45-54', 'gender': 'male'}, {'percentage': '0.131723', 'age': '45-54', 'gender': 'female'}, {'percentage': '0.098987', 'age': '35-44', 'gender': 'male'}, {'percentage': '0.113796', 'age': '55-64', 'gender': 'female'}, {'percentage': '0.208106', 'age': '35-44', 'gender': 'female'}, {'percentage': '0.000779', 'age': '35-44', 'gender': 'unknown'}, {'percentage': '0.078722', 'age': '65+', 'gender': 'female'}, {'percentage': '0.139517', 'age': '25-34', 'gender': 'female'}, {'percentage': '0.079501', 'age': '25-34', 'gender': 'male'}, {'percentage': '0.000779', 'age': '55-64', 'gender': 'unknown'}, {'percentage': '0.001559', 'age': '45-54', 'gender': 'unknown'}]","[{'percentage': '1', 'region': 'Arizona'}]",['Fighting to conserve our public lands']
611455572877968,206291632794768,Coral For Arizona,https://www.facebook.com/ads/archive/render_ad/?id=611455572877968&access_token=EAARbSfSa27ABOZCZCAvwed3aJq1f5kHBbmzJDPZCG669Yy0QhRIXOfY1byVTWZAItjMC5xhNX68us994kIuK7qyHGgOd8eOF8q1mCe65VzObE7fY0XD5JiJxcAfoXcAzb4TCvuQNPZA5V8P1gaPanlKdFcW9yXJU4n0ro6DbykOlOfrPMG84nBSdSgCBky7ZCr4KK5UzBa,"['Growing up, my grandfather would take me fishing in Lake Mary. Those trips remain some of my most treasured memories. Our waterways in Northern Arizona are both places for recreation and a vital part of our economy.\n\nAs Representative, Iâ€™ll work to keep our waterways healthy, preserve the natural beauty of our region, and protect Northern Arizona for future generations.']",['www.coralevansaz.com'],['Vote Coral Evans for AZ House District 6'],Coral 4 AZ. Authorized by Coral Evans,['en'],2020-09-23,2020-10-06,"[{'percentage': '0.180765', 'age': '55-64', 'gender': 'female'}, {'percentage': '0.142497', 'age': '65+', 'gender': 'female'}, {'percentage': '0.207452', 'age': '35-44', 'gender': 'female'}, {'percentage': '0.190836', 'age': '45-54', 'gender': 'female'}, {'percentage': '0.278449', 'age': '25-34', 'gender': 'female'}]","[{'percentage': '1', 'region': 'Arizona'}]",['Fighting to conserve our public lands']
3279209498800081,206291632794768,Coral For Arizona,https://www.facebook.com/ads/archive/render_ad/?id=3279209498800081&access_token=EAARbSfSa27ABOZCZCAvwed3aJq1f5kHBbmzJDPZCG669Yy0QhRIXOfY1byVTWZAItjMC5xhNX68us994kIuK7qyHGgOd8eOF8q1mCe65VzObE7fY0XD5JiJxcAfoXcAzb4TCvuQNPZA5V8P1gaPanlKdFcW9yXJU4n0ro6DbykOlOfrPMG84nBSdSgCBky7ZCr4KK5UzBa,"['Growing up, my grandfather would take me fishing in Lake Mary. Those trips remain some of my most treasured memories. Our waterways in Northern Arizona are both places for recreation and a vital part of our economy.\n\nAs Representative, Iâ€™ll work to keep our waterways healthy, preserve the natural beauty of our region, and protect Northern Arizona for future generations.']",['www.coralevansaz.com'],['Vote Coral Evans for AZ House District 6'],Coral 4 AZ. Authorized by Coral Evans,['en'],2020-09-23,2020-10-06,"[{'percentage': '0.116883', 'age': '65+', 'gender': 'female'}, {'percentage': '0.212662', 'age': '45-54', 'gender': 'female'}, {'percentage': '0.163961', 'age': '55-64', 'gender': 'female'}, {'percentage': '0.288961', 'age': '25-34', 'gender': 'female'}, {'percentage': '0.217532', 'age': '35-44', 'gender': 'female'}]","[{'percentage': '1', 'region': 'Arizona'}]",['Fighting to conserve our public lands']
317036872930414,206291632794768,Coral For Arizona,https://www.facebook.com/ads/archive/render_ad/?id=317036872930414&access_token=EAARbSfSa27ABOZCZCAvwed3aJq1f5kHBbmzJDPZCG669Yy0QhRIXOfY1byVTWZAItjMC5xhNX68us994kIuK7qyHGgOd8eOF8q1mCe65VzObE7fY0XD5JiJxcAfoXcAzb4TCvuQNPZA5V8P1gaPanlKdFcW9yXJU4n0ro6DbykOlOfrPMG84nBSdSgCBky7ZCr4KK5UzBa,"['Growing up, my grandfather would take me fishing in Lake Mary. Those trips remain some of my most treasured memories. Our waterways in Northern Arizona are both places for recreation and a vital part of our economy.\n\nAs Representative, Iâ€™ll work to keep our waterways healthy, preserve the natural beauty of our region, and protect Northern Arizona for future generations.']",['www.coralevansaz.com'],['Vote Coral Evans for AZ House District 6'],Coral 4 AZ. Authorized by Coral Evans,['en'],2020-09-23,2020-10-09,"[{'percentage': '0.000492', 'age': '25-34', 'gender': 'unknown'}, {'percentage': '0.08518', 'age': '35-44', 'gender': 'male'}, {'percentage': '0.001969', 'age': '45-54', 'gender': 'unknown'}, {'percentage': '0.000985', 'age': '35-44', 'gender': 'unknown'}, {'percentage': '0.001477', 'age': '55-64', 'gender': 'unknown'}, {'percentage': '0.086164', 'age': '65+', 'gender': 'female'}, {'percentage': '0.036435', 'age': '18-24', 'gender': 'male'}, {'percentage': '0.094042', 'age': '25-34', 'gender': 'male'}, {'percentage': '0.070901', 'age': '45-54', 'gender': 'male'}, {'percentage': '0.038405', 'age': '18-24', 'gender': 'female'}, {'percentage': '0.057607', 'age': '65+', 'gender': 'male'}, {'percentage': '0.131462', 'age': '55-64', 'gender': 'female'}, {'percentage': '0.118168', 'age': '35-44', 'gender': 'female'}, {'percentage': '0.113245', 'age': '25-34', 'gender': 'female'}, {'percentage': '0.06647', 'age': '55-64', 'gender': 'male'}, {'percentage': '0.096504', 'age': '45-54', 'gender': 'female'}, {'percentage': '0.000492', 'age': '18-24', 'gender': 'unknown'}]","[{'percentage': '1', 'region': 'Arizona'}]",['Fighting to conserve our public lands']
755602108339409,206291632794768,Coral For Arizona,https://www.facebook.com/ads/archive/render_ad/?id=755602108339409&access_token=EAARbSfSa27ABOZCZCAvwed3aJq1f5kHBbmzJDPZCG669Yy0QhRIXOfY1byVTWZAItjMC5xhNX68us994kIuK7qyHGgOd8eOF8q1mCe65VzObE7fY0XD5JiJxcAfoXcAzb4TCvuQNPZA5V8P1gaPanlKdFcW9yXJU4n0ro6DbykOlOfrPMG84nBSdSgCBky7ZCr4KK5UzBa,"['Growing up, my grandfather would take me fishing in Lake Mary. Those trips remain some of my most treasured memories. Our waterways in Northern Arizona are both places for recreation and a vital part of our economy.\n\nAs Representative, Iâ€™ll work to keep our waterways healthy, preserve the natural beauty of our region, and protect Northern Arizona for future generations.']",['www.coralevansaz.com'],['Vote Coral Evans for AZ House District 6'],Coral 4 AZ. Authorized by Coral Evans,['en'],2020-09-23,2020-10-06,"[{'percentage': '0.001396', 'age': '55-64', 'gender': 'unknown'}, {'percentage': '0.109142', 'age': '35-44', 'gender': 'female'}, {'percentage': '0.002094', 'age': '35-44', 'gender': 'unknown'}, {'percentage': '0.001396', 'age': '45-54', 'gender': 'unknown'}, {'percentage': '0.085415', 'age': '45-54', 'gender': 'female'}, {'percentage': '0.100628', 'age': '25-34', 'gender': 'female'}, {'percentage': '0.047174', 'age': '18-24', 'gender': 'male'}, {'percentage': '0.101047', 'age': '55-64', 'gender': 'female'}, {'percentage': '0.077599', 'age': '35-44', 'gender': 'male'}, {'percentage': '0.001117', 'age': '18-24', 'gender': 'unknown'}, {'percentage': '0.072156', 'age': '65+', 'gender': 'male'}, {'percentage': '0.060712', 'age': '18-24', 'gender': 'female'}, {'percentage': '0.069505', 'age': '45-54', 'gender': 'male'}, {'percentage': '0.064061', 'age': '55-64', 'gender': 'male'}, {'percentage': '0.093231', 'age': '25-34', 'gender': 'male'}, {'percentage': '0.110816', 'age': '65+', 'gender': 'female'}, {'percentage': '0.001396', 'age': '25-34', 'gender': 'unknown'}, {'percentage': '0.001117', 'age': '65+', 'gender': 'unknown'}]","[{'percentage': '1', 'region': 'Arizona'}]",['Fighting to conserve our public lands']
606831376674242,206291632794768,Coral For Arizona,https://www.facebook.com/ads/archive/render_ad/?id=606831376674242&access_token=EAARbSfSa27ABOZCZCAvwed3aJq1f5kHBbmzJDPZCG669Yy0QhRIXOfY1byVTWZAItjMC5xhNX68us994kIuK7qyHGgOd8eOF8q1mCe65VzObE7fY0XD5JiJxcAfoXcAzb4TCvuQNPZA5V8P1gaPanlKdFcW9yXJU4n0ro6DbykOlOfrPMG84nBSdSgCBky7ZCr4KK5UzBa,"['Growing up, my grandfather would take me fishing in Lake Mary. Those trips remain some of my most treasured memories. Our waterways in Northern Arizona are both places for recreation and a vital part of our economy.\n\nAs Representative, Iâ€™ll work to keep our waterways healthy, preserve the natural beauty of our region, and protect Northern Arizona for future generations.']",['www.coralevansaz.com'],['Vote Coral Evans for AZ House District 6'],Coral 4 AZ. Authorized by Coral Evans,['en'],2020-09-22,2020-09-22,"[{'percentage': '0.001325', 'age': '25-34', 'gender': 'unknown'}, {'percentage': '0.066995', 'age': '45-54', 'gender': 'male'}, {'percentage': '0.001325', 'age': '45-54', 'gender': 'unknown'}, {'percentage': '0.000946', 'age': '18-24', 'gender': 'unknown'}, {'percentage': '0.067373', 'age': '18-24', 'gender': 'female'}, {'percentage': '0.110712', 'age': '25-34', 'gender': 'female'}, {'percentage': '0.0581', 'age': '55-64', 'gender': 'male'}, {'percentage': '0.092733', 'age': '65+', 'gender': 'female'}, {'percentage': '0.082135', 'age': '45-54', 'gender': 'female'}, {'percentage': '0.001514', 'age': '55-64', 'gender': 'unknown'}, {'percentage': '0.116389', 'age': '35-44', 'gender': 'female'}, {'percentage': '0.081945', 'age': '35-44', 'gender': 'male'}, {'percentage': '0.093111', 'age': '55-64', 'gender': 'female'}, {'percentage': '0.100492', 'age': '25-34', 'gender': 'male'}, {'percentage': '0.053936', 'age': '18-24', 'gender': 'male'}, {'percentage': '0.068319', 'age': '65+', 'gender': 'male'}, {'percentage': '0.000757', 'age': '65+', 'gender': 'unknown'}, {'percentage': '0.001893', 'age': '35-44', 'gender': 'unknown'}]","[{'percentage': '1', 'region': 'Arizona'}]",['Fighting to conserve our public lands']
318248289274743,206291632794768,Coral For Arizona,https://www.facebook.com/ads/archive/render_ad/?id=318248289274743&access_token=EAARbSfSa27ABOZCZCAvwed3aJq1f5kHBbmzJDPZCG669Yy0QhRIXOfY1byVTWZAItjMC5xhNX68us994kIuK7qyHGgOd8eOF8q1mCe65VzObE7fY0XD5JiJxcAfoXcAzb4TCvuQNPZA5V8P1gaPanlKdFcW9yXJU4n0ro6DbykOlOfrPMG84nBSdSgCBky7ZCr4KK5UzBa,"['Growing up, my grandfather would take me fishing in Lake Mary. Those trips remain some of my most treasured memories. Our waterways in Northern Arizona are both places for recreation and a vital part of our economy.\n\nAs Representative, Iâ€™ll work to keep our waterways healthy, preserve the natural beauty of our region, and protect Northern Arizona for future generations.']",['www.coralevansaz.com'],['Vote Coral Evans for AZ House District 6'],Coral 4 AZ. Authorized by Coral Evans,['en'],2020-09-22,2020-09-22,"[{'percentage': '0.001078', 'age': '25-34', 'gender': 'unknown'}, {'percentage': '0.000539', 'age': '65+', 'gender': 'unknown'}, {'percentage': '0.001078', 'age': '45-54', 'gender': 'unknown'}, {'percentage': '0.049057', 'age': '55-64', 'gender': 'male'}, {'percentage': '0.106739', 'age': '35-44', 'gender': 'male'}, {'percentage': '0.126685', 'age': '45-54', 'gender': 'female'}, {'percentage': '0.070081', 'age': '45-54', 'gender': 'male'}, {'percentage': '0.126146', 'age': '55-64', 'gender': 'female'}, {'percentage': '0.18814', 'age': '35-44', 'gender': 'female'}, {'percentage': '0.067385', 'age': '25-34', 'gender': 'male'}, {'percentage': '0.126146', 'age': '25-34', 'gender': 'female'}, {'percentage': '0.044205', 'age': '65+', 'gender': 'male'}, {'percentage': '0.08841', 'age': '65+', 'gender': 'female'}, {'percentage': '0.001617', 'age': '55-64', 'gender': 'unknown'}, {'percentage': '0.002695', 'age': '35-44', 'gender': 'unknown'}]","[{'percentage': '1', 'region': 'Arizona'}]",['Fighting to conserve our public lands']
323511368920702,206291632794768,Coral For Arizona,https://www.facebook.com/ads/archive/render_ad/?id=323511368920702&access_token=EAARbSfSa27ABOZCZCAvwed3aJq1f5kHBbmzJDPZCG669Yy0QhRIXOfY1byVTWZAItjMC5xhNX68us994kIuK7qyHGgOd8eOF8q1mCe65VzObE7fY0XD5JiJxcAfoXcAzb4TCvuQNPZA5V8P1gaPanlKdFcW9yXJU4n0ro6DbykOlOfrPMG84nBSdSgCBky7ZCr4KK5UzBa,"['Growing up, my grandfather would take me fishing in Lake Mary. Those trips remain some of my most treasured memories. Our waterways in Northern Arizona are both places for recreation and a vital part of our economy.\n\nAs Representative, Iâ€™ll work to keep our waterways healthy, preserve the natural beauty of our region, and protect Northern Arizona for future generations.']",['www.coralevansaz.com'],['Vote Coral Evans for AZ House District 6'],Coral 4 AZ. Authorized by Coral Evans,['en'],2020-09-22,2020-09-22,"[{'percentage': '0.128095', 'age': '65+', 'gender': 'female'}, {'percentage': '0.27395', 'age': '25-34', 'gender': 'female'}, {'percentage': '0.206136', 'age': '45-54', 'gender': 'female'}, {'percentage': '0.216362', 'age': '35-44', 'gender': 'female'}, {'percentage': '0.175457', 'age': '55-64', 'gender': 'female'}]","[{'percentage': '1', 'region': 'Arizona'}]",['Fighting to conserve our public lands']
724494251468429,107677994288830,Havasu For Trump - Lake Havasu Republicans,https://www.facebook.com/ads/archive/render_ad/?id=724494251468429&access_token=EAARbSfSa27ABOZCZCAvwed3aJq1f5kHBbmzJDPZCG669Yy0QhRIXOfY1byVTWZAItjMC5xhNX68us994kIuK7qyHGgOd8eOF8q1mCe65VzObE7fY0XD5JiJxcAfoXcAzb4TCvuQNPZA5V8P1gaPanlKdFcW9yXJU4n0ro6DbykOlOfrPMG84nBSdSgCBky7ZCr4KK5UzBa,"[""Trump Bus will be in town it's super fun Come take your pictures And get all your Trump hats shirts and flags\nWill be there on Saturday at noon and open until evening And all day Sunday from 10am until evening""]",['Trump Bus - Come take pics and get your Trump Swag'],['Trump Bus - Come take pics and get your Trump Swag'],HavasuForTrump.com - G.Kraft,['en'],2020-09-04,2020-09-05,"[{'percentage': '0.001608', 'age': '35-44', 'gender': 'unknown'}, {'percentage': '0.004823', 'age': '18-24', 'gender': 'female'}, {'percentage': '0.001608', 'age': '55-64', 'gender': 'unknown'}, {'percentage': '0.008039', 'age': '18-24', 'gender': 'male'}, {'percentage': '0.090032', 'age': '35-44', 'gender': 'female'}, {'percentage': '0.096463', 'age': '65+', 'gender': 'female'}, {'percentage': '0.163987', 'age': '55-64', 'gender': 'female'}, {'percentage': '0.163987', 'age': '55-64', 'gender': 'male'}, {'percentage': '0.094855', 'age': '35-44', 'gender': 'male'}, {'percentage': '0.093248', 'age': '45-54', 'gender': 'female'}, {'percentage': '0.083601', 'age': '65+', 'gender': 'male'}, {'percentage': '0.130225', 'age': '45-54', 'gender': 'male'}, {'percentage': '0.033762', 'age': '25-34', 'gender': 'female'}, {'percentage': '0.028939', 'age': '25-34', 'gender': 'male'}, {'percentage': '0.004823', 'age': '65+', 'gender': 'unknown'}]","[{'percentage': '0.66311', 'region': 'Arizona'}, {'percentage': '0.33689', 'region': 'California'}]","['1519 Industrial Blvd, Lake Havasu City, AZ 86403-3640, United States']"
1277985422536650,238003469972272,View Lake Havasu Homes,https://www.facebook.com/ads/archive/render_ad/?id=1277985422536650&access_token=EAARbSfSa27ABOZCZCAvwed3aJq1f5kHBbmzJDPZCG669Yy0QhRIXOfY1byVTWZAItjMC5xhNX68us994kIuK7qyHGgOd8eOF8q1mCe65VzObE7fY0XD5JiJxcAfoXcAzb4TCvuQNPZA5V8P1gaPanlKdFcW9yXJU4n0ro6DbykOlOfrPMG84nBSdSgCBky7ZCr4KK5UzBa,"[""Check out my newest pool home listing for 475k.  Black Hill Dr is one of Havasu most beautiful high end neighborhoods with mountainous backyards on huge lots! 1853 sq 3b2b 3car w/35' boat deep garage.  #GoWithGreene  check out Mls @ viewlakehavasuhomes.com""]",['flexmls.com'],"['4019 Black Hill Dr, Lake Havasu City, AZ 86406']",,['en'],2020-09-03,2020-09-08,"[{'percentage': '0.001061', 'age': '65+', 'gender': 'unknown'}, {'percentage': '0.132396', 'age': '55-64', 'gender': 'female'}, {'percentage': '0.000531', 'age': '18-24', 'gender': 'unknown'}, {'percentage': '0.001061', 'age': '25-34', 'gender': 'unknown'}, {'percentage': '0.028655', 'age': '18-24', 'gender': 'female'}, {'percentage': '0.031308', 'age': '18-24', 'gender': 'male'}, {'percentage': '0.096843', 'age': '35-44', 'gender': 'female'}, {'percentage': '0.055718', 'age': '65+', 'gender': 'male'}, {'percentage': '0.079597', 'age': '25-34', 'gender': 'female'}, {'percentage': '0.001592', 'age': '55-64', 'gender': 'unknown'}, {'percentage': '0.095251', 'age': '35-44', 'gender': 'male'}, {'percentage': '0.105598', 'age': '45-54', 'gender': 'female'}, {'percentage': '0.096047', 'age': '65+', 'gender': 'female'}, {'percentage': '0.084903', 'age': '25-34', 'gender': 'male'}, {'percentage': '0.092332', 'age': '45-54', 'gender': 'male'}, {'percentage': '0.095516', 'age': '55-64', 'gender': 'male'}, {'percentage': '0.000531', 'age': '45-54', 'gender': 'unknown'}, {'percentage': '0.001061', 'age': '35-44', 'gender': 'unknown'}]","[{'percentage': '0.000434', 'region': 'Unknown'}, {'percentage': '0.638949', 'region': 'Arizona'}, {'percentage': '0.360617', 'region': 'California'}]",
635775523642438,107677994288830,Havasu For Trump - Lake Havasu Republicans,https://www.facebook.com/ads/archive/render_ad/?id=635775523642438&access_token=EAARbSfSa27ABOZCZCAvwed3aJq1f5kHBbmzJDPZCG669Yy0QhRIXOfY1byVTWZAItjMC5xhNX68us994kIuK7qyHGgOd8eOF8q1mCe65VzObE7fY0XD5JiJxcAfoXcAzb4TCvuQNPZA5V8P1gaPanlKdFcW9yXJU4n0ro6DbykOlOfrPMG84nBSdSgCBky7ZCr4KK5UzBa,"[""Trump flotilla and Trump boat parade in Lake Havasu, Organized by River Dave's Place starts at 10am\nðŸ‡ºðŸ‡²\nTrump and American Flags march/walk over the London Bridge Starts at 9.30 am on Saturday morning\nGoal - To line both sides of bridge with people wave their Trump flags. join us!\nðŸ‡ºðŸ‡² \n\n#lakehavasu #trump #havasu #lakehavasucity #trumpboatparade #boatersfortrump #trumpboatparade2020""]","[""Trump Flotilla & Boat Parade By River Dave's Place""]","[""Trump Flotilla & Boat Parade By River Dave's Place""]",HavasuForTrump.com - G.Kraft,['en'],2020-08-27,2020-09-02,"[{'percentage': '0.001793', 'age': '35-44', 'gender': 'unknown'}, {'percentage': '0.088974', 'age': '65+', 'gender': 'male'}, {'percentage': '0.002465', 'age': '18-24', 'gender': 'male'}, {'percentage': '0.001345', 'age': '65+', 'gender': 'unknown'}, {'percentage': '0.138727', 'age': '65+', 'gender': 'female'}, {'percentage': '0.014343', 'age': '25-34', 'gender': 'male'}, {'percentage': '0.181757', 'age': '55-64', 'gender': 'female'}, {'percentage': '0.138279', 'age': '45-54', 'gender': 'female'}, {'percentage': '0.126401', 'age': '45-54', 'gender': 'male'}, {'percentage': '0.000224', 'age': '25-34', 'gender': 'unknown'}, {'percentage': '0.045944', 'age': '35-44', 'gender': 'male'}, {'percentage': '0.002913', 'age': '18-24', 'gender': 'female'}, {'percentage': '0.171224', 'age': '55-64', 'gender': 'male'}, {'percentage': '0.002465', 'age': '45-54', 'gender': 'unknown'}, {'percentage': '0.062976', 'age': '35-44', 'gender': 'female'}, {'percentage': '0.017705', 'age': '25-34', 'gender': 'female'}, {'percentage': '0.002465', 'age': '55-64', 'gender': 'unknown'}]","[{'percentage': '0.000433', 'region': 'Unknown'}, {'percentage': '0.191043', 'region': 'Arizona'}, {'percentage': '0.519256', 'region': 'California'}, {'percentage': '0.289269', 'region': 'Nevada'}]","['Thompson Bay, Lake Havasu, AZ']"
2708998046027624,588760197905663,Advanced Tactical Solutions LLC,https://www.facebook.com/ads/archive/render_ad/?id=2708998046027624&access_token=EAARbSfSa27ABOZCZCAvwed3aJq1f5kHBbmzJDPZCG669Yy0QhRIXOfY1byVTWZAItjMC5xhNX68us994kIuK7qyHGgOd8eOF8q1mCe65VzObE7fY0XD5JiJxcAfoXcAzb4TCvuQNPZA5V8P1gaPanlKdFcW9yXJU4n0ro6DbykOlOfrPMG84nBSdSgCBky7ZCr4KK5UzBa,"[""Permit To Carry Training - New or Renewal - Red Lake Falls\n DATE / Time: Saturday Sept 12th at 9am\n DATE /Time: Saturday Sept 26th at 9am\n Only attend 1 date / time.\n *** Class size is limited. Must register for class in advance.\n Location: ATS LLC 107 3rd Street SW\n MN Training $60.00\n The MN permit to carry is valid in 28 states (includes ND). All required MN paperwork etc. is provided in class. County application fees are not included. \n You have 12 months from the date of the class to apply at your local county Sheriff's Office for a new MN permit (does not matter what county you live in). \n Or, if your existing MN permit expires within 12 months of the date of this class the class will work for your MN renewal.\n Or, if your MN permit is expired, this class will work for your MN renewal.\n\nDue to Covid, we will not be handling any of the optional (FL - AZ), out State Permits at this time.\n\nFor questions and registration, or to schedule a private class for your group, contact Brad at 218-689-0024.\n Visa / Mastercard accepted. To register on line, please check our web site at: http://advancedtacticalsolutionsllc.com/index.php/calander""]",,,Bradley Roger Johnson,['en'],2020-08-26,2020-09-17,"[{'percentage': '0.001146', 'age': '45-54', 'gender': 'unknown'}, {'percentage': '0.10833', 'age': '35-44', 'gender': 'male'}, {'percentage': '0.001337', 'age': '65+', 'gender': 'unknown'}, {'percentage': '0.075659', 'age': '65+', 'gender': 'female'}, {'percentage': '0.087314', 'age': '25-34', 'gender': 'male'}, {'percentage': '0.117692', 'age': '45-54', 'gender': 'female'}, {'percentage': '0.078907', 'age': '25-34', 'gender': 'female'}, {'percentage': '0.096102', 'age': '45-54', 'gender': 'male'}, {'percentage': '0.04872', 'age': '18-24', 'gender': 'female'}, {'percentage': '0.000573', 'age': '25-34', 'gender': 'unknown'}, {'percentage': '0.127054', 'age': '55-64', 'gender': 'female'}, {'percentage': '0.107948', 'age': '35-44', 'gender': 'female'}, {'percentage': '0.038976', 'age': '18-24', 'gender': 'male'}, {'percentage': '0.068017', 'age': '55-64', 'gender': 'male'}, {'percentage': '0.038403', 'age': '65+', 'gender': 'male'}, {'percentage': '0.002102', 'age': '35-44', 'gender': 'unknown'}, {'percentage': '0.000955', 'age': '55-64', 'gender': 'unknown'}, {'percentage': '0.000764', 'age': '18-24', 'gender': 'unknown'}]","[{'percentage': '0.97707', 'region': 'Minnesota'}, {'percentage': '0.020656', 'region': 'North Dakota'}, {'percentage': '0.002274', 'region': 'Unknown'}]",
2705016659819183,104299024710470,Beaulieu for Lake View Town Council - Post 3,https://www.facebook.com/ads/archive/render_ad/?id=2705016659819183&access_token=EAARbSfSa27ABOZCZCAvwed3aJq1f5kHBbmzJDPZCG669Yy0QhRIXOfY1byVTWZAItjMC5xhNX68us994kIuK7qyHGgOd8eOF8q1mCe65VzObE7fY0XD5JiJxcAfoXcAzb4TCvuQNPZA5V8P1gaPanlKdFcW9yXJU4n0ro6DbykOlOfrPMG84nBSdSgCBky7ZCr4KK5UzBa,"['The very first bullet point of My Pledge to the Residents of Lake View was:\nMy political campaign is completely run and financed personally by me. I have not and will not accept contributions from ANY entity!\n\nA look at campaign finance records from the 2016 election shows that my opponent (Nancy Ray) accepted $1,600 from The Alabama Development PAC.  This PAC was funded largely (if not entirely) by Leeds businessman and Tannehill Sewer owner Mike White.\n\nCampaign expenditure report shows that same $1,600 going to Nex21 Media, LLC for advertising.  This is the very same Nex21 Media that was quickly awarded a very lucrative ($30,000) NO-BID contract to build & maintain a website for the Town of Lake View.\n\n** Then candidates Bean, Braddy, Calhoun, Gorman, & Ray ALL received the same donation from this PAC.  They also ALL gave it directly to Nex21. **']",,,Douglas Paul Beaulieu,['en'],2020-08-24,2020-08-26,"[{'percentage': '0.001473', 'age': '45-54', 'gender': 'unknown'}, {'percentage': '0.001473', 'age': '35-44', 'gender': 'unknown'}, {'percentage': '0.08542', 'age': '45-54', 'gender': 'female'}, {'percentage': '0.029455', 'age': '18-24', 'gender': 'male'}, {'percentage': '0.066274', 'age': '55-64', 'gender': 'female'}, {'percentage': '0.094256', 'age': '25-34', 'gender': 'female'}, {'percentage': '0.04271', 'age': '65+', 'gender': 'male'}, {'percentage': '0.081001', 'age': '25-34', 'gender': 'male'}, {'percentage': '0.173785', 'age': '35-44', 'gender': 'male'}, {'percentage': '0.135493', 'age': '35-44', 'gender': 'female'}, {'percentage': '0.138439', 'age': '45-54', 'gender': 'male'}, {'percentage': '0.095729', 'age': '55-64', 'gender': 'male'}, {'percentage': '0.027982', 'age': '18-24', 'gender': 'female'}, {'percentage': '0.025037', 'age': '65+', 'gender': 'female'}, {'percentage': '0.001473', 'age': '25-34', 'gender': 'unknown'}]","[{'percentage': '0.996997', 'region': 'Alabama'}, {'percentage': '0.003003', 'region': 'Unknown'}]",
308773983671367,107677994288830,Havasu For Trump - Lake Havasu Republicans,https://www.facebook.com/ads/archive/render_ad/?id=308773983671367&access_token=EAARbSfSa27ABOZCZCAvwed3aJq1f5kHBbmzJDPZCG669Yy0QhRIXOfY1byVTWZAItjMC5xhNX68us994kIuK7qyHGgOd8eOF8q1mCe65VzObE7fY0XD5JiJxcAfoXcAzb4TCvuQNPZA5V8P1gaPanlKdFcW9yXJU4n0ro6DbykOlOfrPMG84nBSdSgCBky7ZCr4KK5UzBa,"[""Trump flotilla starts at 10:00 a.m. and will go until 2pm when Parade starts and is organized by River Dave's Place.\nðŸ‡ºðŸ‡²\nTrump Flags over & under the bridge March starts at 9.30 am on Saturday.\nGoal - To line both sides of bridge with people and their Trump flags. We will then head under the bridge to the stage to commence.\nðŸ‡ºðŸ‡² read more âž¡ï¸ click here\nMAGA beach party on Rotary Beach. More info coming. \nðŸ‡ºðŸ‡² \nTrump bus is coming to town. All day Saturday at Barrett Custom Marine parking lot.""]","[""Trump Flotilla & Boat Parade By River Dave's Place""]","[""Trump Flotilla & Boat Parade By River Dave's Place""]",HavasuForTrump.com - G.Kraft,['en'],2020-08-21,2020-08-22,"[{'percentage': '0.002632', 'age': '35-44', 'gender': 'unknown'}, {'percentage': '0.132456', 'age': '45-54', 'gender': 'female'}, {'percentage': '0.004386', 'age': '18-24', 'gender': 'male'}, {'percentage': '0.003509', 'age': '45-54', 'gender': 'unknown'}, {'percentage': '0.019298', 'age': '25-34', 'gender': 'male'}, {'percentage': '0.17193', 'age': '45-54', 'gender': 'male'}, {'percentage': '0.025439', 'age': '25-34', 'gender': 'female'}, {'percentage': '0.072807', 'age': '35-44', 'gender': 'female'}, {'percentage': '0.085088', 'age': '35-44', 'gender': 'male'}, {'percentage': '0.002632', 'age': '65+', 'gender': 'unknown'}, {'percentage': '0.141228', 'age': '55-64', 'gender': 'male'}, {'percentage': '0.085088', 'age': '65+', 'gender': 'female'}, {'percentage': '0.190351', 'age': '55-64', 'gender': 'female'}, {'percentage': '0.005263', 'age': '18-24', 'gender': 'female'}, {'percentage': '0.05614', 'age': '65+', 'gender': 'male'}, {'percentage': '0.000877', 'age': '25-34', 'gender': 'unknown'}, {'percentage': '0.000877', 'age': '55-64', 'gender': 'unknown'}]","[{'percentage': '0.267293', 'region': 'Arizona'}, {'percentage': '0.730145', 'region': 'California'}, {'percentage': '0.002562', 'region': 'Nevada'}]","['Thompson Bay, Lake Havasu, AZ']"
304964330843042,1234114663284249,Steve Gorman for Iowa,https://www.facebook.com/ads/archive/render_ad/?id=304964330843042&access_token=EAARbSfSa27ABOZCZCAvwed3aJq1f5kHBbmzJDPZCG669Yy0QhRIXOfY1byVTWZAItjMC5xhNX68us994kIuK7qyHGgOd8eOF8q1mCe65VzObE7fY0XD5JiJxcAfoXcAzb4TCvuQNPZA5V8P1gaPanlKdFcW9yXJU4n0ro6DbykOlOfrPMG84nBSdSgCBky7ZCr4KK5UzBa,"[""Thank you Iowa Democratic Wing Ding for including our campaign in the 17th Annual Iowa Democratic Wing Ding (Virtual Edition). It was such an honor to join Cindy Axne, Theresa Greenfield, Nancy Pelosi, Elizabeth Warren, and so many great candidates from Iowa Senate Majority and Iowa House Truman Fund at this event (virtually) tonight.\n\nOur campaign is about bringing a voice for Western Iowa's working families, public schools, & the most vulnerable to the Iowa Senate. Let's make sure Iowa Senate Democrats & Iowa House Democrats flip the legislature this November - chip in what you can to support our race for SD8. \n\nJoin #TeamGorman today: http://actblue.com/donate/give2gorman\n\nWatch the Full 2020 17th Annual Iowa Democratic Wing Ding here: https://youtu.be/cHsMLPAzC5Y""]",['www.gorman4iowa.org'],['Steve Gorman at the 17th Annual Wing Ding (Virtual Edition)'],Gregory T Christensen,['en'],2020-08-15,2020-08-19,"[{'percentage': '0.003831', 'age': '18-24', 'gender': 'unknown'}, {'percentage': '0.084291', 'age': '65+', 'gender': 'male'}, {'percentage': '0.1341', 'age': '25-34', 'gender': 'male'}, {'percentage': '0.118774', 'age': '55-64', 'gender': 'male'}, {'percentage': '0.045977', 'age': '18-24', 'gender': 'female'}, {'percentage': '0.065134', 'age': '45-54', 'gender': 'female'}, {'percentage': '0.05364', 'age': '18-24', 'gender': 'male'}, {'percentage': '0.042146', 'age': '35-44', 'gender': 'female'}, {'percentage': '0.114943', 'age': '35-44', 'gender': 'male'}, {'percentage': '0.103448', 'age': '45-54', 'gender': 'male'}, {'percentage': '0.08046', 'age': '25-34', 'gender': 'female'}, {'percentage': '0.065134', 'age': '55-64', 'gender': 'female'}, {'percentage': '0.08046', 'age': '65+', 'gender': 'female'}, {'percentage': '0.003831', 'age': '65+', 'gender': 'unknown'}, {'percentage': '0.003831', 'age': '55-64', 'gender': 'unknown'}]","[{'percentage': '1', 'region': 'Iowa'}]",
1838948172913363,101276301317685,Tutora for Congress,https://www.facebook.com/ads/archive/render_ad/?id=1838948172913363&access_token=EAARbSfSa27ABOZCZCAvwed3aJq1f5kHBbmzJDPZCG669Yy0QhRIXOfY1byVTWZAItjMC5xhNX68us994kIuK7qyHGgOd8eOF8q1mCe65VzObE7fY0XD5JiJxcAfoXcAzb4TCvuQNPZA5V8P1gaPanlKdFcW9yXJU4n0ro6DbykOlOfrPMG84nBSdSgCBky7ZCr4KK5UzBa,"['Greg Stanton wants you locked down, tested, traced and wearing a mask by mandate to do your job. But he does his while leisurely floating, enjoying the day on the lake while vacationing in Utah. For this we are paying him? This outraged even his fellow democrats. Heâ€™s a total hypocrite. All he wants is power and to set up his run for governor in 2022. Stanton must go!\n\nVote Nicholas Tutora for Congress in AZ CD9. \n\nhttps://www.azcentral.com/story/news/politics/arizona/2020/07/17/arizona-rep-greg-stanton-votes-boat-congressional-hearing/5462742002/']",['azcentral.com'],"[""'Is Stanton rowing a boat?': Arizona Rep. Greg Stanton draws heat for remote appearance at hearing""]",Nicholas Anthony Tutora,['en'],2020-07-23,2020-07-24,"[{'percentage': '0.018738', 'age': '18-24', 'gender': 'female'}, {'percentage': '0.000986', 'age': '65+', 'gender': 'unknown'}, {'percentage': '0.032544', 'age': '45-54', 'gender': 'female'}, {'percentage': '0.086785', 'age': '65+', 'gender': 'female'}, {'percentage': '0.145957', 'age': '45-54', 'gender': 'male'}, {'percentage': '0.130178', 'age': '35-44', 'gender': 'male'}, {'percentage': '0.16075', 'age': '25-34', 'gender': 'male'}, {'percentage': '0.14497', 'age': '55-64', 'gender': 'male'}, {'percentage': '0.112426', 'age': '65+', 'gender': 'male'}, {'percentage': '0.027613', 'age': '25-34', 'gender': 'female'}, {'percentage': '0.065089', 'age': '55-64', 'gender': 'female'}, {'percentage': '0.056213', 'age': '18-24', 'gender': 'male'}, {'percentage': '0.013807', 'age': '35-44', 'gender': 'female'}, {'percentage': '0.001972', 'age': '25-34', 'gender': 'unknown'}, {'percentage': '0.000986', 'age': '55-64', 'gender': 'unknown'}, {'percentage': '0.000986', 'age': '45-54', 'gender': 'unknown'}]","[{'percentage': '1', 'region': 'Arizona'}]",['The Phoenix Democrat was criticized for the appearance and apologized after video of his vote from a boat circulated on social media.']
611004043133234,103565657756782,Dr. Anne Marie Ward,https://www.facebook.com/ads/archive/render_ad/?id=611004043133234&access_token=EAARbSfSa27ABOZCZCAvwed3aJq1f5kHBbmzJDPZCG669Yy0QhRIXOfY1byVTWZAItjMC5xhNX68us994kIuK7qyHGgOd8eOF8q1mCe65VzObE7fY0XD5JiJxcAfoXcAzb4TCvuQNPZA5V8P1gaPanlKdFcW9yXJU4n0ro6DbykOlOfrPMG84nBSdSgCBky7ZCr4KK5UzBa,"['Lake Havasu City Meet the Candidate! Anne Marie will be in Lake Havasu City at Rotary Park on Friday, July 24 at 6:30 PM. Please RSVP through the events page of www.annemarieforcongress.com']",,,ANNE MARIE WARD FOR CONGRESS,['en'],2020-07-22,2020-07-24,"[{'percentage': '0.001159', 'age': '25-34', 'gender': 'unknown'}, {'percentage': '0.054461', 'age': '25-34', 'gender': 'male'}, {'percentage': '0.035921', 'age': '25-34', 'gender': 'female'}, {'percentage': '0.050985', 'age': '35-44', 'gender': 'female'}, {'percentage': '0.0927', 'age': '65+', 'gender': 'female'}, {'percentage': '0.012746', 'age': '18-24', 'gender': 'male'}, {'percentage': '0.178447', 'age': '55-64', 'gender': 'male'}, {'percentage': '0.127462', 'age': '65+', 'gender': 'male'}, {'percentage': '0.140209', 'age': '45-54', 'gender': 'male'}, {'percentage': '0.011587', 'age': '18-24', 'gender': 'female'}, {'percentage': '0.11124', 'age': '35-44', 'gender': 'male'}, {'percentage': '0.073001', 'age': '45-54', 'gender': 'female'}, {'percentage': '0.003476', 'age': '65+', 'gender': 'unknown'}, {'percentage': '0.105446', 'age': '55-64', 'gender': 'female'}, {'percentage': '0.001159', 'age': '45-54', 'gender': 'unknown'}]","[{'percentage': '1', 'region': 'Arizona'}]",
521026925276924,100144224708459,,https://www.facebook.com/ads/archive/render_ad/?id=521026925276924&access_token=EAARbSfSa27ABOZCZCAvwed3aJq1f5kHBbmzJDPZCG669Yy0QhRIXOfY1byVTWZAItjMC5xhNX68us994kIuK7qyHGgOd8eOF8q1mCe65VzObE7fY0XD5JiJxcAfoXcAzb4TCvuQNPZA5V8P1gaPanlKdFcW9yXJU4n0ro6DbykOlOfrPMG84nBSdSgCBky7ZCr4KK5UzBa,"['Another busy weekend on the campaign trail!  \n\nSaturday the Mohave County Republican Party hosted the 76th Annual Picnic from 10 a.m. â€“ 3 p.m. in the Hualapai Mountains, so I took the opportunity to get reacquainted with the Republican leaders of today and tomorrow - Senator Martha McSally, Arizona Republican Party Chair Kelli Ward, Sheriff Doug Schuster, Representative Paul Gosar (AZ 4th Congressional District), Representative Leo Biasiucci (AZ House of Representatives), Ann Marie Ward (candidate for AZ 4th Congressional District), Eric Sloan (candidate for Corporation Commission), and more.  The picnic was attended by a good group of active, civically engaged Republicans from Kingman, Bullhead City, Lake Havasu and other areas of the county so I was able to have great conversations with a lot of interesting people.\n\nThe rest of Saturday and all of Sunday my wife, daughter, and I walked probably 25 miles of District 1, distributing my collateral door-to-door explaining and outlining issues that are important to the citizens of Mohave County and to meâ€¦ issues that will undoubtedly generate a sustainable, higher quality of life for USâ€¦ the citizens of Mohave County!\n\nThank you again for welcoming me into your neighborhood and allowing me to share my materials with you.  It is important that you, as voters, are presented with complete and accurate information before returning your mail in ballots or visiting the polls August 4.  \n\nI respect the rights of the citizens to choose the candidate they believe will do the best job for OUR quality of life here in Kingman and Mohave County. I hope I am that candidate. I will get things done!\n\nLetâ€™s Shape Mohave Countyâ€™s Future Together!\n\nVISIT: www.ElectJimHamersley.com\n\n#ElectJimHamersley #MohaveCounty']",,,Elect Jim Hamerlsey to Mohave County Board of Supervisors - District 1,['en'],2020-07-20,2020-07-22,"[{'percentage': '0.000465', 'age': '45-54', 'gender': 'unknown'}, {'percentage': '0.00186', 'age': '55-64', 'gender': 'unknown'}, {'percentage': '0.00093', 'age': '35-44', 'gender': 'unknown'}, {'percentage': '0.068372', 'age': '25-34', 'gender': 'female'}, {'percentage': '0.03814', 'age': '18-24', 'gender': 'female'}, {'percentage': '0.090698', 'age': '55-64', 'gender': 'male'}, {'percentage': '0.132558', 'age': '65+', 'gender': 'female'}, {'percentage': '0.090233', 'age': '25-34', 'gender': 'male'}, {'percentage': '0.08186', 'age': '45-54', 'gender': 'male'}, {'percentage': '0.089302', 'age': '45-54', 'gender': 'female'}, {'percentage': '0.075349', 'age': '35-44', 'gender': 'male'}, {'percentage': '0.126047', 'age': '55-64', 'gender': 'female'}, {'percentage': '0.059535', 'age': '18-24', 'gender': 'male'}, {'percentage': '0.07814', 'age': '65+', 'gender': 'male'}, {'percentage': '0.065116', 'age': '35-44', 'gender': 'female'}, {'percentage': '0.001395', 'age': '65+', 'gender': 'unknown'}]","[{'percentage': '1', 'region': 'Arizona'}]",
346764736313524,101276301317685,Tutora for Congress,https://www.facebook.com/ads/archive/render_ad/?id=346764736313524&access_token=EAARbSfSa27ABOZCZCAvwed3aJq1f5kHBbmzJDPZCG669Yy0QhRIXOfY1byVTWZAItjMC5xhNX68us994kIuK7qyHGgOd8eOF8q1mCe65VzObE7fY0XD5JiJxcAfoXcAzb4TCvuQNPZA5V8P1gaPanlKdFcW9yXJU4n0ro6DbykOlOfrPMG84nBSdSgCBky7ZCr4KK5UzBa,"['Greg Stanton wants you locked down, tested, traced and wearing a mask by mandate to do your job. But he does his while leisurely floating, enjoying the day on the lake while vacationing in Utah. For this we are paying him? This outraged even his fellow democrats. Heâ€™s a total hypocrite. All he wants is power and to set up his run for governor in 2022. Stanton must go!\n\nVote Nicholas Tutora for Congress in AZ CD9. \n\nhttps://www.azcentral.com/story/news/politics/arizona/2020/07/17/arizona-rep-greg-stanton-votes-boat-congressional-hearing/5462742002/']",['azcentral.com'],"[""'Is Stanton rowing a boat?': Arizona Rep. Greg Stanton draws heat for remote appearance at hearing""]",Nicholas Anthony Tutora,['en'],2020-07-17,2020-07-23,"[{'percentage': '0.00117', 'age': '55-64', 'gender': 'unknown'}, {'percentage': '0.130994', 'age': '65+', 'gender': 'male'}, {'percentage': '0.002339', 'age': '65+', 'gender': 'unknown'}, {'percentage': '0.001754', 'age': '45-54', 'gender': 'unknown'}, {'percentage': '0.160234', 'age': '55-64', 'gender': 'male'}, {'percentage': '0.012865', 'age': '25-34', 'gender': 'female'}, {'percentage': '0.112865', 'age': '25-34', 'gender': 'male'}, {'percentage': '0.111111', 'age': '65+', 'gender': 'female'}, {'percentage': '0.161111', 'age': '45-54', 'gender': 'male'}, {'percentage': '0.000877', 'age': '35-44', 'gender': 'unknown'}, {'percentage': '0.052924', 'age': '45-54', 'gender': 'female'}, {'percentage': '0.089766', 'age': '55-64', 'gender': 'female'}, {'percentage': '0.009942', 'age': '18-24', 'gender': 'female'}, {'percentage': '0.10848', 'age': '35-44', 'gender': 'male'}, {'percentage': '0.023392', 'age': '18-24', 'gender': 'male'}, {'percentage': '0.019006', 'age': '35-44', 'gender': 'female'}, {'percentage': '0.00117', 'age': '25-34', 'gender': 'unknown'}]","[{'percentage': '1', 'region': 'Arizona'}]",['The Phoenix Democrat was criticized for the appearance and apologized after video of his vote from a boat circulated on social media.']
298193461235709,101276301317685,Tutora for Congress,https://www.facebook.com/ads/archive/render_ad/?id=298193461235709&access_token=EAARbSfSa27ABOZCZCAvwed3aJq1f5kHBbmzJDPZCG669Yy0QhRIXOfY1byVTWZAItjMC5xhNX68us994kIuK7qyHGgOd8eOF8q1mCe65VzObE7fY0XD5JiJxcAfoXcAzb4TCvuQNPZA5V8P1gaPanlKdFcW9yXJU4n0ro6DbykOlOfrPMG84nBSdSgCBky7ZCr4KK5UzBa,['\u202aStanton says....you shall wear mandatory masks statewide and lockdown businesses. But he mails in his job while relaxing on the lake vacationing in Utah. And we pay him? Even his democrat colleagues are laughing. \n\nVote Nicholas Tutora in AZ CD9\n\nhttps://twitter.com/rachelbovard/status/1284192570734792705?s=21'],['twitter.com'],['Rachel Bovard on Twitter'],Nicholas Anthony Tutora,['en'],2020-07-17,2020-07-24,"[{'percentage': '0.001787', 'age': '45-54', 'gender': 'unknown'}, {'percentage': '0.098642', 'age': '18-24', 'gender': 'female'}, {'percentage': '0.00143', 'age': '55-64', 'gender': 'unknown'}, {'percentage': '0.002859', 'age': '65+', 'gender': 'unknown'}, {'percentage': '0.033953', 'age': '45-54', 'gender': 'female'}, {'percentage': '0.128306', 'age': '65+', 'gender': 'male'}, {'percentage': '0.07827', 'age': '25-34', 'gender': 'female'}, {'percentage': '0.018585', 'age': '35-44', 'gender': 'female'}, {'percentage': '0.056112', 'age': '18-24', 'gender': 'male'}, {'percentage': '0.058613', 'age': '35-44', 'gender': 'male'}, {'percentage': '0.078628', 'age': '25-34', 'gender': 'male'}, {'percentage': '0.13045', 'age': '65+', 'gender': 'female'}, {'percentage': '0.001072', 'age': '18-24', 'gender': 'unknown'}, {'percentage': '0.100429', 'age': '45-54', 'gender': 'male'}, {'percentage': '0.129378', 'age': '55-64', 'gender': 'male'}, {'percentage': '0.080415', 'age': '55-64', 'gender': 'female'}, {'percentage': '0.001072', 'age': '25-34', 'gender': 'unknown'}]","[{'percentage': '1', 'region': 'Arizona'}]","['â€œ""Working from home"" in the House of Representatives = voting....from a boat. https://t.co/M9knLLCfZ5â€']"
302600217485836,588760197905663,Advanced Tactical Solutions LLC,https://www.facebook.com/ads/archive/render_ad/?id=302600217485836&access_token=EAARbSfSa27ABOZCZCAvwed3aJq1f5kHBbmzJDPZCG669Yy0QhRIXOfY1byVTWZAItjMC5xhNX68us994kIuK7qyHGgOd8eOF8q1mCe65VzObE7fY0XD5JiJxcAfoXcAzb4TCvuQNPZA5V8P1gaPanlKdFcW9yXJU4n0ro6DbykOlOfrPMG84nBSdSgCBky7ZCr4KK5UzBa,"[""Permit To Carry Training - New or Renewal - Red Lake Falls\n DATE / Time: Saturday August 15th at 9am\n DATE /Time: Saturday August 22nd at 9am\n Only attend 1 date / time.\n *** Class size is limited. Must register for class in advance.\n Location: ATS LLC 107 3rd Street SW\n MN Training $60.00\n The MN permit to carry is valid in 28 states (includes ND). All required MN paperwork etc. is provided in class. County application fees are not included. \n You have 12 months from the date of the class to apply at your local county Sheriff's Office for a new MN permit (does not matter what county you live in). \n Or, if your existing MN permit expires within 12 months of the date of this class the class will work for your MN renewal.\n Or, if your MN permit is expired, this class will work for your MN renewal.\n\nDue to Covid, we will not be handling any of the optional (FL - AZ), out State Permits at this time.\n\nFor questions and registration, or to schedule a private class for your group, contact Brad at 218-689-0024.\n Visa / Mastercard accepted. To register on line, please check our web site at: http://advancedtacticalsolutionsllc.com/index.php/calander""]",,,Bradley Roger Johnson,['en'],2020-07-18,2020-08-16,"[{'percentage': '0.001279', 'age': '55-64', 'gender': 'unknown'}, {'percentage': '0.127877', 'age': '55-64', 'gender': 'female'}, {'percentage': '0.126087', 'age': '35-44', 'gender': 'female'}, {'percentage': '0.03913', 'age': '18-24', 'gender': 'female'}, {'percentage': '0.059591', 'age': '55-64', 'gender': 'male'}, {'percentage': '0.094118', 'age': '45-54', 'gender': 'male'}, {'percentage': '0.127366', 'age': '45-54', 'gender': 'female'}, {'percentage': '0.105115', 'age': '35-44', 'gender': 'male'}, {'percentage': '0.080307', 'age': '25-34', 'gender': 'male'}, {'percentage': '0.001535', 'age': '65+', 'gender': 'unknown'}, {'percentage': '0.03734', 'age': '65+', 'gender': 'male'}, {'percentage': '0.088491', 'age': '25-34', 'gender': 'female'}, {'percentage': '0.082864', 'age': '65+', 'gender': 'female'}, {'percentage': '0.00179', 'age': '35-44', 'gender': 'unknown'}, {'percentage': '0.000767', 'age': '25-34', 'gender': 'unknown'}, {'percentage': '0.000512', 'age': '18-24', 'gender': 'unknown'}, {'percentage': '0.000767', 'age': '45-54', 'gender': 'unknown'}, {'percentage': '0.025064', 'age': '18-24', 'gender': 'male'}]","[{'percentage': '0.953744', 'region': 'Minnesota'}, {'percentage': '0.046256', 'region': 'North Dakota'}]",
759865601488961,0,Instagram User 9806866883,https://www.facebook.com/ads/archive/render_ad/?id=759865601488961&access_token=EAARbSfSa27ABOZCZCAvwed3aJq1f5kHBbmzJDPZCG669Yy0QhRIXOfY1byVTWZAItjMC5xhNX68us994kIuK7qyHGgOd8eOF8q1mCe65VzObE7fY0XD5JiJxcAfoXcAzb4TCvuQNPZA5V8P1gaPanlKdFcW9yXJU4n0ro6DbykOlOfrPMG84nBSdSgCBky7ZCr4KK5UzBa,"['""THE GOOD LIFE IN WILLOW""\n.\nTwo kayakers under the warmth of Willow.\n.\n.\n.\n.\n.\n.\n#arizona #prescott #prescottaz #az #lakes #desert #desertlife #kayaking #adventure #sunset #sunsets #natgeoyourshot #instagramaz #w2az #visitprescott #visitarizona #onlyinarizona #naturalarizona #sky #landscape #landscapephotography #art #heavenly #lake #fishing #life #america #willowlake #views #igsouthwest']",['instagram.com'],['John Hoopingarner (@jdhoop702) â€¢ Instagram photos and videos'],,['en'],2020-07-10,2020-07-13,"[{'percentage': '0.001276', 'age': '18-24', 'gender': 'unknown'}, {'percentage': '0.117985', 'age': '25-34', 'gender': 'female'}, {'percentage': '0.001276', 'age': '65+', 'gender': 'unknown'}, {'percentage': '0.001276', 'age': '55-64', 'gender': 'unknown'}, {'percentage': '0.049745', 'age': '55-64', 'gender': 'male'}, {'percentage': '0.133291', 'age': '35-44', 'gender': 'male'}, {'percentage': '0.057398', 'age': '45-54', 'gender': 'female'}, {'percentage': '0.102041', 'age': '45-54', 'gender': 'male'}, {'percentage': '0.101403', 'age': '18-24', 'gender': 'female'}, {'percentage': '0.001913', 'age': '25-34', 'gender': 'unknown'}, {'percentage': '0.185587', 'age': '25-34', 'gender': 'male'}, {'percentage': '0.096939', 'age': '18-24', 'gender': 'male'}, {'percentage': '0.063776', 'age': '35-44', 'gender': 'female'}, {'percentage': '0.035714', 'age': '55-64', 'gender': 'female'}, {'percentage': '0.018495', 'age': '65+', 'gender': 'female'}, {'percentage': '0.030612', 'age': '65+', 'gender': 'male'}, {'percentage': '0.000638', 'age': '45-54', 'gender': 'unknown'}, {'percentage': '0.000638', 'age': '35-44', 'gender': 'unknown'}]","[{'percentage': '0.007065', 'region': 'Idaho'}, {'percentage': '0.009634', 'region': 'Oklahoma'}, {'percentage': '0.010918', 'region': 'Missouri'}, {'percentage': '0.001285', 'region': 'Nebraska'}, {'percentage': '0.016699', 'region': 'Nevada'}, {'percentage': '0.00578', 'region': 'New Hampshire'}, {'percentage': '0.030186', 'region': 'New Jersey'}, {'percentage': '0.01991', 'region': 'New Mexico'}, {'percentage': '0.055234', 'region': 'New York'}, {'percentage': '0.023764', 'region': 'North Carolina'}, {'percentage': '0.001285', 'region': 'North Dakota'}, {'percentage': '0.024406', 'region': 'Ohio'}, {'percentage': '0.017983', 'region': 'Oregon'}, {'percentage': '0.026333', 'region': 'Michigan'}, {'percentage': '0.03404', 'region': 'Pennsylvania'}, {'percentage': '0.004496', 'region': 'Rhode Island'}, {'percentage': '0.010276', 'region': 'South Carolina'}, {'percentage': '0.015414', 'region': 'Tennessee'}, {'percentage': '0.048812', 'region': 'Texas'}, {'percentage': '0.021195', 'region': 'Utah'}, {'percentage': '0.003211', 'region': 'Vermont'}, {'percentage': '0.017983', 'region': 'Virginia'}, {'percentage': '0.02569', 'region': 'Washington'}, {'percentage': '0.001285', 'region': 'West Virginia'}, {'percentage': '0.010276', 'region': 'Minnesota'}, {'percentage': '0.019268', 'region': 'Massachusetts'}, {'percentage': '0.002569', 'region': 'Montana'}, {'percentage': '0.012203', 'region': 'Connecticut'}, {'percentage': '0.001927', 'region': 'South Dakota'}, {'percentage': '0.003854', 'region': 'Wyoming'}, {'percentage': '0.00578', 'region': 'Mississippi'}, {'percentage': '0.001285', 'region': 'Washington, District of Columbia'}, {'percentage': '0.010918', 'region': 'Alabama'}, {'percentage': '0.005138', 'region': 'Alaska'}, {'percentage': '0.038536', 'region': 'Arizona'}, {'percentage': '0.00578', 'region': 'Arkansas'}, {'percentage': '0.228003', 'region': 'California'}, {'percentage': '0.030186', 'region': 'Colorado'}, {'percentage': '0.003211', 'region': 'Delaware'}, {'percentage': '0.012845', 'region': 'Maryland'}, {'percentage': '0.077071', 'region': 'Florida'}, {'percentage': '0.012845', 'region': 'Georgia'}, {'percentage': '0.010276', 'region': 'Hawaii'}, {'percentage': '0.01413', 'region': 'Illinois'}, {'percentage': '0.012203', 'region': 'Indiana'}, {'percentage': '0.004496', 'region': 'Iowa'}, {'percentage': '0.00578', 'region': 'Kansas'}, {'percentage': '0.009634', 'region': 'Kentucky'}, {'percentage': '0.004496', 'region': 'Louisiana'}, {'percentage': '0.008349', 'region': 'Maine'}, {'percentage': '0.016057', 'region': 'Wisconsin'}]","['1,084 Followers, 705 Following, 70 Posts - See Instagram photos and videos from John Hoopingarner (@jdhoop702)']"
1317377981801573,0,Instagram User 9806866883,https://www.facebook.com/ads/archive/render_ad/?id=1317377981801573&access_token=EAARbSfSa27ABOZCZCAvwed3aJq1f5kHBbmzJDPZCG669Yy0QhRIXOfY1byVTWZAItjMC5xhNX68us994kIuK7qyHGgOd8eOF8q1mCe65VzObE7fY0XD5JiJxcAfoXcAzb4TCvuQNPZA5V8P1gaPanlKdFcW9yXJU4n0ro6DbykOlOfrPMG84nBSdSgCBky7ZCr4KK5UzBa,"['""THE GOOD LIFE IN WILLOW""\n.\nTwo kayakers under the warmth of Willow.\n.\n.\n.\n.\n.\n.\n#arizona #prescott #prescottaz #az #lakes #desert #desertlife #kayaking #adventure #sunset #sunsets #natgeoyourshot #instagramaz #w2az #visitprescott #visitarizona #onlyinarizona #naturalarizona #sky #landscape #landscapephotography #art #heavenly #lake #fishing #life #america #willowlake #views #igsouthwest']",['instagram.com'],['John Hoopingarner (@jdhoop702) â€¢ Instagram photos and videos'],,['en'],2020-07-10,2020-07-13,"[{'percentage': '0.00414', 'age': '25-34', 'gender': 'unknown'}, {'percentage': '0.218214', 'age': '25-34', 'gender': 'male'}, {'percentage': '0.002365', 'age': '35-44', 'gender': 'unknown'}, {'percentage': '0.031342', 'age': '55-64', 'gender': 'female'}, {'percentage': '0.075103', 'age': '35-44', 'gender': 'female'}, {'percentage': '0.12123', 'age': '35-44', 'gender': 'male'}, {'percentage': '0.118865', 'age': '18-24', 'gender': 'male'}, {'percentage': '0.118273', 'age': '25-34', 'gender': 'female'}, {'percentage': '0.054997', 'age': '45-54', 'gender': 'female'}, {'percentage': '0.002365', 'age': '45-54', 'gender': 'unknown'}, {'percentage': '0.069781', 'age': '18-24', 'gender': 'female'}, {'percentage': '0.023655', 'age': '65+', 'gender': 'male'}, {'percentage': '0.084565', 'age': '45-54', 'gender': 'male'}, {'percentage': '0.020698', 'age': '65+', 'gender': 'female'}, {'percentage': '0.000591', 'age': '65+', 'gender': 'unknown'}, {'percentage': '0.000591', 'age': '18-24', 'gender': 'unknown'}, {'percentage': '0.053223', 'age': '55-64', 'gender': 'male'}]","[{'percentage': '0.011289', 'region': 'Alabama'}, {'percentage': '0.004159', 'region': 'Arkansas'}, {'percentage': '0.004753', 'region': 'Rhode Island'}, {'percentage': '0.010695', 'region': 'South Carolina'}, {'percentage': '0.011289', 'region': 'Tennessee'}, {'percentage': '0.048723', 'region': 'Texas'}, {'percentage': '0.010695', 'region': 'Utah'}, {'percentage': '0.004159', 'region': 'Vermont'}, {'percentage': '0.016637', 'region': 'Virginia'}, {'percentage': '0.024361', 'region': 'Washington'}, {'percentage': '0.01426', 'region': 'Wisconsin'}, {'percentage': '0.004753', 'region': 'Alaska'}, {'percentage': '0.010695', 'region': 'Hawaii'}, {'percentage': '0.020796', 'region': 'Oregon'}, {'percentage': '0.004753', 'region': 'Indiana'}, {'percentage': '0.005348', 'region': 'Louisiana'}, {'percentage': '0.002377', 'region': 'Mississippi'}, {'percentage': '0.009507', 'region': 'Missouri'}, {'percentage': '0.004159', 'region': 'Montana'}, {'percentage': '0.002377', 'region': 'Nebraska'}, {'percentage': '0.001188', 'region': 'South Dakota'}, {'percentage': '0.000594', 'region': 'West Virginia'}, {'percentage': '0.001188', 'region': 'New Hampshire'}, {'percentage': '0.000594', 'region': 'North Dakota'}, {'percentage': '0.021985', 'region': 'Pennsylvania'}, {'percentage': '0.010101', 'region': 'Oklahoma'}, {'percentage': '0.051693', 'region': 'Arizona'}, {'percentage': '0.002377', 'region': 'Kansas'}, {'percentage': '0.307784', 'region': 'California'}, {'percentage': '0.015449', 'region': 'Colorado'}, {'percentage': '0.011884', 'region': 'Connecticut'}, {'percentage': '0.001783', 'region': 'Delaware'}, {'percentage': '0.003565', 'region': 'Washington, District of Columbia'}, {'percentage': '0.060606', 'region': 'Florida'}, {'percentage': '0.012478', 'region': 'Georgia'}, {'percentage': '0.008318', 'region': 'Idaho'}, {'percentage': '0.023173', 'region': 'Illinois'}, {'percentage': '0.003565', 'region': 'Iowa'}, {'percentage': '0.00713', 'region': 'Kentucky'}, {'percentage': '0.020202', 'region': 'Ohio'}, {'percentage': '0.003565', 'region': 'Maine'}, {'percentage': '0.009507', 'region': 'Maryland'}, {'percentage': '0.026738', 'region': 'Massachusetts'}, {'percentage': '0.027332', 'region': 'Michigan'}, {'percentage': '0.010101', 'region': 'Minnesota'}, {'percentage': '0.018419', 'region': 'Nevada'}, {'percentage': '0.029115', 'region': 'New Jersey'}, {'percentage': '0.010101', 'region': 'New Mexico'}, {'percentage': '0.047534', 'region': 'New York'}, {'percentage': '0.02555', 'region': 'North Carolina'}, {'percentage': '0.000594', 'region': 'Wyoming'}]","['1,084 Followers, 705 Following, 70 Posts - See Instagram photos and videos from John Hoopingarner (@jdhoop702)']"
1654413311391571,588760197905663,Advanced Tactical Solutions LLC,https://www.facebook.com/ads/archive/render_ad/?id=1654413311391571&access_token=EAARbSfSa27ABOZCZCAvwed3aJq1f5kHBbmzJDPZCG669Yy0QhRIXOfY1byVTWZAItjMC5xhNX68us994kIuK7qyHGgOd8eOF8q1mCe65VzObE7fY0XD5JiJxcAfoXcAzb4TCvuQNPZA5V8P1gaPanlKdFcW9yXJU4n0ro6DbykOlOfrPMG84nBSdSgCBky7ZCr4KK5UzBa,"[""Permit To Carry Training - New or Renewal - Red Lake Falls\n Date / Time: Thursday July 16th at 5:30 pm\n DATE / Time: Saturday July 18th at 9am\n DATE /Time: Saturday July 25th at 9am\n Only attend 1 date / time.\n *** Class size is limited. Must register for class in advance.\n Location: ATS LLC 107 3rd Street SW\n MN Training $60.00\n The MN permit to carry is valid in 28 states (includes ND). All required MN paperwork etc. is provided in class. County application fees are not included. \n You have 12 months from the date of the class to apply at your local county Sheriff's Office for a new MN permit (does not matter what county you live in). \n Or, if your existing MN permit expires within 12 months of the date of this class the class will work for your MN renewal.\n Or, if your MN permit is expired, this class will work for your MN renewal.\n\nDue to Covid, we will not be handling any of the optional (FL - AZ), out State Permits at this time.\n\nFor questions and registration, or to schedule a private class for your group, contact Brad at 218-689-0024.\n Visa / Mastercard accepted. To register on line, please check our web site at: http://advancedtacticalsolutionsllc.com/index.php/calander""]",,,Bradley Roger Johnson,['en'],2020-07-03,2020-07-17,"[{'percentage': '0.000302', 'age': '45-54', 'gender': 'unknown'}, {'percentage': '0.110374', 'age': '35-44', 'gender': 'male'}, {'percentage': '0.040109', 'age': '18-24', 'gender': 'male'}, {'percentage': '0.119723', 'age': '35-44', 'gender': 'female'}, {'percentage': '0.054282', 'age': '18-24', 'gender': 'female'}, {'percentage': '0.103438', 'age': '45-54', 'gender': 'female'}, {'percentage': '0.121532', 'age': '25-34', 'gender': 'female'}, {'percentage': '0.099819', 'age': '25-34', 'gender': 'male'}, {'percentage': '0.029252', 'age': '65+', 'gender': 'male'}, {'percentage': '0.000905', 'age': '65+', 'gender': 'unknown'}, {'percentage': '0.081122', 'age': '45-54', 'gender': 'male'}, {'percentage': '0.056996', 'age': '55-64', 'gender': 'male'}, {'percentage': '0.102835', 'age': '55-64', 'gender': 'female'}, {'percentage': '0.073884', 'age': '65+', 'gender': 'female'}, {'percentage': '0.002413', 'age': '35-44', 'gender': 'unknown'}, {'percentage': '0.001508', 'age': '25-34', 'gender': 'unknown'}, {'percentage': '0.000905', 'age': '18-24', 'gender': 'unknown'}, {'percentage': '0.000603', 'age': '55-64', 'gender': 'unknown'}]","[{'percentage': '1', 'region': 'Minnesota'}]",
583516445924308,1794578884095208,"Lake Havasu City, AZ Local - News Break",https://www.facebook.com/ads/archive/render_ad/?id=583516445924308&access_token=EAARbSfSa27ABOZCZCAvwed3aJq1f5kHBbmzJDPZCG669Yy0QhRIXOfY1byVTWZAItjMC5xhNX68us994kIuK7qyHGgOd8eOF8q1mCe65VzObE7fY0XD5JiJxcAfoXcAzb4TCvuQNPZA5V8P1gaPanlKdFcW9yXJU4n0ro6DbykOlOfrPMG84nBSdSgCBky7ZCr4KK5UzBa,['Lake Havasu City News: Postcards encouraging households to respond to 2020 Census going out. Install news app trusted by millions to stay informed of latest Lake Havasu City local news!'],['www.newsbreakapp.com'],['Breaking news from Lake Havasu City!'],,['en'],2020-07-01,2020-07-01,,,['Connecting to the iTunes Store.']
577134179665011,1794578884095208,"Lake Havasu City, AZ Local - News Break",https://www.facebook.com/ads/archive/render_ad/?id=577134179665011&access_token=EAARbSfSa27ABOZCZCAvwed3aJq1f5kHBbmzJDPZCG669Yy0QhRIXOfY1byVTWZAItjMC5xhNX68us994kIuK7qyHGgOd8eOF8q1mCe65VzObE7fY0XD5JiJxcAfoXcAzb4TCvuQNPZA5V8P1gaPanlKdFcW9yXJU4n0ro6DbykOlOfrPMG84nBSdSgCBky7ZCr4KK5UzBa,['Lake Havasu City News: Postcards encouraging households to respond to 2020 Census going out. Install news app trusted by millions to stay informed of latest Lake Havasu City local news!'],['www.newsbreakapp.com'],['Breaking news from Lake Havasu City!'],,['en'],2020-07-01,2020-07-01,,,['Connecting to the iTunes Store.']
2104684069675384,1794578884095208,"Lake Havasu City, AZ Local - News Break",https://www.facebook.com/ads/archive/render_ad/?id=2104684069675384&access_token=EAARbSfSa27ABOZCZCAvwed3aJq1f5kHBbmzJDPZCG669Yy0QhRIXOfY1byVTWZAItjMC5xhNX68us994kIuK7qyHGgOd8eOF8q1mCe65VzObE7fY0XD5JiJxcAfoXcAzb4TCvuQNPZA5V8P1gaPanlKdFcW9yXJU4n0ro6DbykOlOfrPMG84nBSdSgCBky7ZCr4KK5UzBa,['Lake Havasu City News: POSTCARDS ENCOURAGING HOUSEHOLDS TO RESPOND TO 2020 CENSUS. Install news app trusted by millions to stay informed of latest Lake Havasu City local news!'],['www.newsbreakapp.com'],['Breaking news from Lake Havasu City!'],,['en'],2020-06-29,2020-06-29,,,['Connecting to the iTunes Store.']
548791369336531,103565657756782,Anne Marie Ward for LD1 Senate,https://www.facebook.com/ads/archive/render_ad/?id=548791369336531&access_token=EAARbSfSa27ABOZCZCAvwed3aJq1f5kHBbmzJDPZCG669Yy0QhRIXOfY1byVTWZAItjMC5xhNX68us994kIuK7qyHGgOd8eOF8q1mCe65VzObE7fY0XD5JiJxcAfoXcAzb4TCvuQNPZA5V8P1gaPanlKdFcW9yXJU4n0ro6DbykOlOfrPMG84nBSdSgCBky7ZCr4KK5UzBa,['Town Hall in Lake Havasu City!  June 18th at 7:00 AM at Rotary Park.'],,,ANNE MARIE WARD FOR CONGRESS,['en'],2020-06-14,2020-06-18,"[{'percentage': '0.000756', 'age': '35-44', 'gender': 'unknown'}, {'percentage': '0.058957', 'age': '35-44', 'gender': 'male'}, {'percentage': '0.000756', 'age': '45-54', 'gender': 'unknown'}, {'percentage': '0.03099', 'age': '35-44', 'gender': 'female'}, {'percentage': '0.170068', 'age': '65+', 'gender': 'female'}, {'percentage': '0.025699', 'age': '25-34', 'gender': 'male'}, {'percentage': '0.056689', 'age': '45-54', 'gender': 'female'}, {'percentage': '0.117914', 'age': '55-64', 'gender': 'female'}, {'percentage': '0.18065', 'age': '55-64', 'gender': 'male'}, {'percentage': '0.001512', 'age': '65+', 'gender': 'unknown'}, {'percentage': '0.191232', 'age': '65+', 'gender': 'male'}, {'percentage': '0.12774', 'age': '45-54', 'gender': 'male'}, {'percentage': '0.016629', 'age': '25-34', 'gender': 'female'}, {'percentage': '0.010582', 'age': '18-24', 'gender': 'male'}, {'percentage': '0.000756', 'age': '25-34', 'gender': 'unknown'}, {'percentage': '0.007559', 'age': '18-24', 'gender': 'female'}, {'percentage': '0.001512', 'age': '55-64', 'gender': 'unknown'}]","[{'percentage': '1', 'region': 'Arizona'}]",
703103927175943,1709877722587689,"Tucson, AZ Local - News Break",https://www.facebook.com/ads/archive/render_ad/?id=703103927175943&access_token=EAARbSfSa27ABOZCZCAvwed3aJq1f5kHBbmzJDPZCG669Yy0QhRIXOfY1byVTWZAItjMC5xhNX68us994kIuK7qyHGgOd8eOF8q1mCe65VzObE7fY0XD5JiJxcAfoXcAzb4TCvuQNPZA5V8P1gaPanlKdFcW9yXJU4n0ro6DbykOlOfrPMG84nBSdSgCBky7ZCr4KK5UzBa,['Tucson News: Submerged car discovered near The Lakes at Castle Rock.'],['newsbreak.com'],['Breaking news from Tucson!'],,['en'],2020-06-06,2020-06-09,"[{'percentage': '0.007752', 'age': '18-24', 'gender': 'male'}, {'percentage': '0.015504', 'age': '25-34', 'gender': 'female'}, {'percentage': '0.069767', 'age': '35-44', 'gender': 'female'}, {'percentage': '0.03876', 'age': '18-24', 'gender': 'female'}, {'percentage': '0.162791', 'age': '65+', 'gender': 'female'}, {'percentage': '0.085271', 'age': '55-64', 'gender': 'female'}, {'percentage': '0.077519', 'age': '35-44', 'gender': 'male'}, {'percentage': '0.147287', 'age': '65+', 'gender': 'male'}, {'percentage': '0.124031', 'age': '45-54', 'gender': 'male'}, {'percentage': '0.015504', 'age': '25-34', 'gender': 'male'}, {'percentage': '0.170543', 'age': '55-64', 'gender': 'male'}, {'percentage': '0.085271', 'age': '45-54', 'gender': 'female'}]","[{'percentage': '1', 'region': 'Arizona'}]","[""TUCSON, Ariz. â€” The Tucson Police Department is being assisted by the Pima County Sheriff's Department recover a submerged car near The Lakes at Castle Rock. TPD's Air Unit noticed what appeared to be a car in the lake.""]"
668083117069908,103966331128460,Trump Train 2024,https://www.facebook.com/ads/archive/render_ad/?id=668083117069908&access_token=EAARbSfSa27ABOZCZCAvwed3aJq1f5kHBbmzJDPZCG669Yy0QhRIXOfY1byVTWZAItjMC5xhNX68us994kIuK7qyHGgOd8eOF8q1mCe65VzObE7fY0XD5JiJxcAfoXcAzb4TCvuQNPZA5V8P1gaPanlKdFcW9yXJU4n0ro6DbykOlOfrPMG84nBSdSgCBky7ZCr4KK5UzBa,"['[VISIT THE TRUMP TRAIN BUS] in Lake Havasu City, AZ on May 23rd (Saturday)! We will be at Barrett Custom Marine; 1519 Industrial Blvd from 8:00 am to 7:00 pm. Come see us!  Mention this ad to receive 10% off all merchandise (hats, flags, shirts, coins, mugs, and more)!']",,,William Leonard Hall,['en'],2020-05-22,2020-05-23,"[{'percentage': '0.001701', 'age': '55-64', 'gender': 'unknown'}, {'percentage': '0.168564', 'age': '55-64', 'gender': 'male'}, {'percentage': '0.007067', 'age': '18-24', 'gender': 'male'}, {'percentage': '0.105091', 'age': '45-54', 'gender': 'male'}, {'percentage': '0.061903', 'age': '35-44', 'gender': 'male'}, {'percentage': '0.136893', 'age': '55-64', 'gender': 'female'}, {'percentage': '0.033111', 'age': '35-44', 'gender': 'female'}, {'percentage': '0.180866', 'age': '65+', 'gender': 'female'}, {'percentage': '0.047114', 'age': '25-34', 'gender': 'male'}, {'percentage': '0.002356', 'age': '65+', 'gender': 'unknown'}, {'percentage': '0.16346', 'age': '65+', 'gender': 'male'}, {'percentage': '0.065044', 'age': '45-54', 'gender': 'female'}, {'percentage': '0.000523', 'age': '35-44', 'gender': 'unknown'}, {'percentage': '0.021201', 'age': '25-34', 'gender': 'female'}, {'percentage': '0.000523', 'age': '25-34', 'gender': 'unknown'}, {'percentage': '0.003272', 'age': '18-24', 'gender': 'female'}, {'percentage': '0.001309', 'age': '45-54', 'gender': 'unknown'}]","[{'percentage': '0.914573', 'region': 'Arizona'}, {'percentage': '0.03954', 'region': 'California'}, {'percentage': '0.045887', 'region': 'Nevada'}]",
836582023532228,1182860648409348,Adam Shimoni,https://www.facebook.com/ads/archive/render_ad/?id=836582023532228&access_token=EAARbSfSa27ABOZCZCAvwed3aJq1f5kHBbmzJDPZCG669Yy0QhRIXOfY1byVTWZAItjMC5xhNX68us994kIuK7qyHGgOd8eOF8q1mCe65VzObE7fY0XD5JiJxcAfoXcAzb4TCvuQNPZA5V8P1gaPanlKdFcW9yXJU4n0ro6DbykOlOfrPMG84nBSdSgCBky7ZCr4KK5UzBa,"['Vice Mayor Covid Update: Numbers, Testing Blitz, City Openings & Recovery Roundtable.\n\n789 Positive \n62 Deaths \n474 Pending  \n151 Cases in Flag \n17 in Kachina \nAn additional 1-5 Cases on NAU\n\nCounty Testing Blitz - Anyone who wishes to be tested can utilize the testing blitz on Saturday, May 16 from 10am to 3pm at 2625 N. King Street.\n\nCity Opening - Beginning May 15, 2020, the following park amenities will be open to the public at City parks: all tennis courts, the two skate parks within Bushmaster Park and Foxglenn Park, the BMX park in Sunnyside, and the two dog parka located within Bushmaster Park and Thorpe Park. Please practice the recommended hygiene and social distancing guidelines as established by the CDC as you use the amenities at your own risk.\n\nThe City is facilitating Recovery Roundtable live videos on Tuesdays and Thursdays. Members of the public can submit their questions by emailing the Recovery Round Table team at RecoveryRoundtable@flagstaffaz.gov.']",,"['Vice Mayor Covid Update: Numbers, Testing Blitz, City Openings & Recovery Roundtable']",Shimoni for Council,['en'],2020-05-15,2020-05-16,"[{'percentage': '0.056956', 'age': '65+', 'gender': 'male'}, {'percentage': '0.127918', 'age': '55-64', 'gender': 'female'}, {'percentage': '0.0831', 'age': '65+', 'gender': 'female'}, {'percentage': '0.001867', 'age': '25-34', 'gender': 'unknown'}, {'percentage': '0.028011', 'age': '18-24', 'gender': 'female'}, {'percentage': '0.020542', 'age': '18-24', 'gender': 'male'}, {'percentage': '0.068161', 'age': '55-64', 'gender': 'male'}, {'percentage': '0.045752', 'age': '25-34', 'gender': 'female'}, {'percentage': '0.102708', 'age': '45-54', 'gender': 'female'}, {'percentage': '0.14099', 'age': '35-44', 'gender': 'male'}, {'percentage': '0.126984', 'age': '35-44', 'gender': 'female'}, {'percentage': '0.069094', 'age': '25-34', 'gender': 'male'}, {'percentage': '0.122316', 'age': '45-54', 'gender': 'male'}, {'percentage': '0.000934', 'age': '45-54', 'gender': 'unknown'}, {'percentage': '0.004669', 'age': '55-64', 'gender': 'unknown'}]","[{'percentage': '1', 'region': 'Arizona'}]",
2663728247231666,106431740799515,Susan Moran for State Senate  - Plymouth & Barnstable District,https://www.facebook.com/ads/archive/render_ad/?id=2663728247231666&access_token=EAARbSfSa27ABOZCZCAvwed3aJq1f5kHBbmzJDPZCG669Yy0QhRIXOfY1byVTWZAItjMC5xhNX68us994kIuK7qyHGgOd8eOF8q1mCe65VzObE7fY0XD5JiJxcAfoXcAzb4TCvuQNPZA5V8P1gaPanlKdFcW9yXJU4n0ro6DbykOlOfrPMG84nBSdSgCBky7ZCr4KK5UzBa,"[""This content was removed because it didn't follow our Advertising Standards.""]","[""This content was removed because it didn't follow our Advertising Standards.""]","[""This content was removed because it didn't follow our Advertising Standards.""]",CTE Susan Moran,['en'],2020-04-13,2020-04-17,"[{'percentage': '0.000818', 'age': '25-34', 'gender': 'unknown'}, {'percentage': '0.002455', 'age': '65+', 'gender': 'unknown'}, {'percentage': '0.000818', 'age': '55-64', 'gender': 'unknown'}, {'percentage': '0.094926', 'age': '35-44', 'gender': 'male'}, {'percentage': '0.12275', 'age': '55-64', 'gender': 'female'}, {'percentage': '0.156301', 'age': '45-54', 'gender': 'female'}, {'percentage': '0.111293', 'age': '65+', 'gender': 'female'}, {'percentage': '0.198854', 'age': '35-44', 'gender': 'female'}, {'percentage': '0.032733', 'age': '65+', 'gender': 'male'}, {'percentage': '0.060556', 'age': '55-64', 'gender': 'male'}, {'percentage': '0.055646', 'age': '25-34', 'gender': 'male'}, {'percentage': '0.067103', 'age': '45-54', 'gender': 'male'}, {'percentage': '0.092471', 'age': '25-34', 'gender': 'female'}, {'percentage': '0.003273', 'age': '35-44', 'gender': 'unknown'}]","[{'percentage': '1', 'region': 'Massachusetts'}]","[""This content was removed because it didn't follow our Advertising Standards.""]"
237438467406398,1080500832107695,Eric Prunier,https://www.facebook.com/ads/archive/render_ad/?id=237438467406398&access_token=EAARbSfSa27ABOZCZCAvwed3aJq1f5kHBbmzJDPZCG669Yy0QhRIXOfY1byVTWZAItjMC5xhNX68us994kIuK7qyHGgOd8eOF8q1mCe65VzObE7fY0XD5JiJxcAfoXcAzb4TCvuQNPZA5V8P1gaPanlKdFcW9yXJU4n0ro6DbykOlOfrPMG84nBSdSgCBky7ZCr4KK5UzBa,"['We take a smattering of weird texts and we review them. This gets...dicey, so dont be surpirsed when it takes a turn! ðŸ˜‚']",,"[""It's Bleeding For All That Is Good & Holy!""]",Eric Scott Prunier,['en'],2020-04-05,2020-04-07,"[{'percentage': '0.212196', 'age': '65+', 'gender': 'female'}, {'percentage': '0.132528', 'age': '55-64', 'gender': 'female'}, {'percentage': '0.25505', 'age': '55-64', 'gender': 'male'}, {'percentage': '0.02492', 'age': '45-54', 'gender': 'female'}, {'percentage': '0.226921', 'age': '65+', 'gender': 'male'}, {'percentage': '0.098358', 'age': '45-54', 'gender': 'male'}, {'percentage': '0.003776', 'age': '18-24', 'gender': 'male'}, {'percentage': '0.006796', 'age': '25-34', 'gender': 'male'}, {'percentage': '0.026808', 'age': '35-44', 'gender': 'male'}, {'percentage': '0.002077', 'age': '18-24', 'gender': 'female'}, {'percentage': '0.001888', 'age': '25-34', 'gender': 'female'}, {'percentage': '0.000189', 'age': '35-44', 'gender': 'unknown'}, {'percentage': '0.004531', 'age': '35-44', 'gender': 'female'}, {'percentage': '0.001699', 'age': '65+', 'gender': 'unknown'}, {'percentage': '0.001699', 'age': '55-64', 'gender': 'unknown'}, {'percentage': '0.000566', 'age': '45-54', 'gender': 'unknown'}]","[{'percentage': '0.039227', 'region': 'Alabama'}, {'percentage': '0.051665', 'region': 'Texas'}, {'percentage': '0.027937', 'region': 'New York'}, {'percentage': '0.028129', 'region': 'North Carolina'}, {'percentage': '0.005358', 'region': 'North Dakota'}, {'percentage': '0.059127', 'region': 'Ohio'}, {'percentage': '0.023153', 'region': 'Oklahoma'}, {'percentage': '0.014543', 'region': 'Oregon'}, {'percentage': '0.042863', 'region': 'Pennsylvania'}, {'percentage': '0.020475', 'region': 'South Carolina'}, {'percentage': '0.008228', 'region': 'South Dakota'}, {'percentage': '0.032721', 'region': 'Tennessee'}, {'percentage': '0.004975', 'region': 'Utah'}, {'percentage': '0.006315', 'region': 'New Jersey'}, {'percentage': '0.020092', 'region': 'Virginia'}, {'percentage': '0.017413', 'region': 'Washington'}, {'percentage': '0.03119', 'region': 'West Virginia'}, {'percentage': '0.012246', 'region': 'Wisconsin'}, {'percentage': '0.005932', 'region': 'Wyoming'}, {'percentage': '0.002296', 'region': 'Delaware'}, {'percentage': '0.006889', 'region': 'Maryland'}, {'percentage': '0.004018', 'region': 'New Hampshire'}, {'percentage': '0.003253', 'region': 'Rhode Island'}, {'percentage': '0.003253', 'region': 'Vermont'}, {'percentage': '0.006315', 'region': 'New Mexico'}, {'percentage': '0.006889', 'region': 'Nevada'}, {'percentage': '0.003827', 'region': 'Alaska'}, {'percentage': '0.044776', 'region': 'Indiana'}, {'percentage': '0.011098', 'region': 'Arizona'}, {'percentage': '0.027172', 'region': 'Arkansas'}, {'percentage': '0.060084', 'region': 'California'}, {'percentage': '0.006889', 'region': 'Colorado'}, {'percentage': '0.005358', 'region': 'Connecticut'}, {'percentage': '0.030616', 'region': 'Florida'}, {'percentage': '0.027363', 'region': 'Georgia'}, {'percentage': '0.004975', 'region': 'Hawaii'}, {'percentage': '0.007845', 'region': 'Idaho'}, {'percentage': '0.036739', 'region': 'Illinois'}, {'percentage': '0.01703', 'region': 'Iowa'}, {'percentage': '0.010907', 'region': 'Nebraska'}, {'percentage': '0.015882', 'region': 'Kansas'}, {'percentage': '0.044202', 'region': 'Kentucky'}, {'percentage': '0.02411', 'region': 'Louisiana'}, {'percentage': '0.007654', 'region': 'Maine'}, {'percentage': '0.008802', 'region': 'Massachusetts'}, {'percentage': '0.040566', 'region': 'Michigan'}, {'percentage': '0.011098', 'region': 'Minnesota'}, {'percentage': '0.030042', 'region': 'Mississippi'}, {'percentage': '0.030808', 'region': 'Missouri'}, {'percentage': '0.007463', 'region': 'Montana'}, {'percentage': '0.000191', 'region': 'Washington, District of Columbia'}]",
